gasDayStart,full
2016-01-01,69.8
2016-01-02,69.44
2016-01-03,69.04
2016-01-04,68.46
2016-01-05,67.89
2016-01-06,67.37
2016-01-07,66.83
2016-01-08,66.33
2016-01-09,65.96
2016-01-10,65.64
2016-01-11,65.19
2016-01-12,64.77
2016-01-13,64.3
2016-01-14,63.72
2016-01-15,63.1
2016-01-16,62.56
2016-01-17,61.98
2016-01-18,61.13
2016-01-19,60.28
2016-01-20,59.46
2016-01-21,58.64
2016-01-22,57.89
2016-01-23,57.34
2016-01-24,56.9
2016-01-25,56.45
2016-01-26,56.04
2016-01-27,55.64
2016-01-28,55.24
2016-01-29,54.87
2016-01-30,54.58
2016-01-31,54.32
2016-02-01,54.02
2016-02-02,53.69
2016-02-03,53.5
2016-02-04,53.07
2016-02-05,52.69
2016-02-06,52.44
2016-02-07,52.2
2016-02-08,51.88
2016-02-09,51.53
2016-02-10,51.13
2016-02-11,50.71
2016-02-12,50.3
2016-02-13,50.01
2016-02-14,49.74
2016-02-15,49.29
2016-02-16,48.78
2016-02-17,48.23
2016-02-18,47.71
2016-02-19,47.28
2016-02-20,47.02
2016-02-21,46.84
2016-02-22,46.59
2016-02-23,46.28
2016-02-24,45.9
2016-02-25,45.44
2016-02-26,45.0
2016-02-27,44.67
2016-02-28,44.37
2016-02-29,43.94
2016-03-01,43.47
2016-03-02,43.11
2016-03-03,42.68
2016-03-04,42.23
2016-03-05,41.9
2016-03-06,41.58
2016-03-07,41.09
2016-03-08,40.62
2016-03-09,40.18
2016-03-10,39.77
2016-03-11,39.38
2016-03-12,39.14
2016-03-13,38.9
2016-03-14,38.56
2016-03-15,38.16
2016-03-16,37.76
2016-03-17,37.41
2016-03-18,37.12
2016-03-19,36.95
2016-03-20,36.8
2016-03-21,36.54
2016-03-22,36.31
2016-03-23,36.08
2016-03-24,35.88
2016-03-25,35.75
2016-03-26,35.74
2016-03-27,35.72
2016-03-28,35.68
2016-03-29,35.56
2016-03-30,35.46
2016-03-31,35.2
2016-04-01,34.89
2016-04-02,35.02
2016-04-03,35.24
2016-04-04,35.39
2016-04-05,35.32
2016-04-06,35.95
2016-04-07,36.18
2016-04-08,36.23
2016-04-09,36.37
2016-04-10,36.58
2016-04-11,36.73
2016-04-12,36.87
2016-04-13,36.99
2016-04-14,37.1
2016-04-15,37.24
2016-04-16,37.44
2016-04-17,37.62
2016-04-18,37.72
2016-04-19,37.85
2016-04-20,38.01
2016-04-21,38.18
2016-04-22,38.36
2016-04-23,38.56
2016-04-24,38.72
2016-04-25,38.75
2016-04-26,38.4
2016-04-27,38.32
2016-04-28,38.26
2016-04-29,38.25
2016-04-30,38.37
2016-05-01,38.56
2016-05-02,38.75
2016-05-03,38.98
2016-05-04,39.25
2016-05-05,39.62
2016-05-06,39.99
2016-05-07,40.45
2016-05-08,40.89
2016-05-09,41.29
2016-05-10,41.67
2016-05-11,42.04
2016-05-12,42.4
2016-05-13,42.78
2016-05-14,43.18
2016-05-15,43.53
2016-05-16,43.84
2016-05-17,44.11
2016-05-18,44.4
2016-05-19,44.71
2016-05-20,45.07
2016-05-21,45.51
2016-05-22,45.97
2016-05-23,46.32
2016-05-24,46.62
2016-05-25,46.94
2016-05-26,47.3
2016-05-27,47.66
2016-05-28,48.03
2016-05-29,48.41
2016-05-30,48.1
2016-05-31,48.58
2016-06-01,49.16
2016-06-02,49.38
2016-06-03,49.65
2016-06-04,50.01
2016-06-05,50.38
2016-06-06,50.67
2016-06-07,50.96
2016-06-08,51.44
2016-06-09,51.57
2016-06-10,51.9
2016-06-11,52.31
2016-06-12,52.73
2016-06-13,53.09
2016-06-14,53.43
2016-06-15,53.79
2016-06-16,54.13
2016-06-17,54.52
2016-06-18,55.03
2016-06-19,55.49
2016-06-20,55.92
2016-06-21,56.32
2016-06-22,56.72
2016-06-23,57.12
2016-06-24,57.54
2016-06-25,58.04
2016-06-26,58.53
2016-06-27,58.95
2016-06-28,59.32
2016-06-29,59.69
2016-06-30,60.03
2016-07-01,60.37
2016-07-02,60.87
2016-07-03,61.42
2016-07-04,61.77
2016-07-05,62.16
2016-07-06,62.53
2016-07-07,62.89
2016-07-08,63.31
2016-07-09,63.83
2016-07-10,64.34
2016-07-11,64.67
2016-07-12,65.03
2016-07-13,65.41
2016-07-14,65.81
2016-07-15,66.26
2016-07-16,66.75
2016-07-17,67.27
2016-07-18,67.69
2016-07-19,68.1
2016-07-20,68.5
2016-07-21,68.88
2016-07-22,69.29
2016-07-23,69.8
2016-07-24,70.29
2016-07-25,70.67
2016-07-26,71.03
2016-07-27,71.38
2016-07-28,71.74
2016-07-29,72.13
2016-07-30,72.57
2016-07-31,73.06
2016-08-01,73.36
2016-08-02,73.72
2016-08-03,74.11
2016-08-04,74.49
2016-08-05,74.86
2016-08-06,75.31
2016-08-07,75.79
2016-08-08,76.18
2016-08-09,76.48
2016-08-10,76.77
2016-08-11,77.08
2016-08-12,77.43
2016-08-13,77.83
2016-08-14,78.22
2016-08-15,78.56
2016-08-16,78.84
2016-08-17,79.12
2016-08-18,79.41
2016-08-19,79.78
2016-08-20,80.19
2016-08-21,80.56
2016-08-22,80.83
2016-08-23,81.08
2016-08-24,81.31
2016-08-25,81.52
2016-08-26,81.78
2016-08-27,82.07
2016-08-28,82.4
2016-08-29,82.62
2016-08-30,82.85
2016-08-31,83.02
2016-09-01,83.11
2016-09-02,83.3
2016-09-03,83.59
2016-09-04,83.92
2016-09-05,84.14
2016-09-06,84.32
2016-09-07,84.44
2016-09-08,84.68
2016-09-09,84.88
2016-09-10,85.14
2016-09-11,85.43
2016-09-12,85.66
2016-09-13,85.84
2016-09-14,86.02
2016-09-15,86.2
2016-09-16,86.38
2016-09-17,86.63
2016-09-18,86.9
2016-09-19,87.07
2016-09-20,87.23
2016-09-21,87.44
2016-09-22,88.23
2016-09-23,88.44
2016-09-24,88.73
2016-09-25,89.02
2016-09-26,89.16
2016-09-27,89.32
2016-09-28,89.52
2016-09-29,89.68
2016-09-30,89.81
2016-10-01,89.91
2016-10-02,90.1
2016-10-03,90.23
2016-10-04,90.35
2016-10-05,90.47
2016-10-06,90.49
2016-10-07,90.48
2016-10-08,90.57
2016-10-09,90.65
2016-10-10,90.64
2016-10-11,90.54
2016-10-12,90.44
2016-10-13,90.37
2016-10-14,90.33
2016-10-15,90.42
2016-10-16,90.58
2016-10-17,90.62
2016-10-18,90.6
2016-10-19,90.54
2016-10-20,90.44
2016-10-21,90.35
2016-10-22,90.33
2016-10-23,90.33
2016-10-24,90.22
2016-10-25,90.14
2016-10-26,90.08
2016-10-27,90.02
2016-10-28,89.98
2016-10-29,90.0
2016-10-30,90.13
2016-10-31,90.21
2016-11-01,89.94
2016-11-02,89.77
2016-11-03,89.46
2016-11-04,89.19
2016-11-05,89.03
2016-11-06,88.86
2016-11-07,88.45
2016-11-08,87.96
2016-11-09,87.46
2016-11-10,87.01
2016-11-11,86.63
2016-11-12,86.26
2016-11-13,85.93
2016-11-14,85.47
2016-11-15,85.04
2016-11-16,84.71
2016-11-17,84.39
2016-11-18,84.08
2016-11-19,83.86
2016-11-20,83.69
2016-11-21,83.48
2016-11-22,83.25
2016-11-23,82.95
2016-11-24,82.64
2016-11-25,82.26
2016-11-26,81.96
2016-11-27,81.69
2016-11-28,81.14
2016-11-29,80.42
2016-11-30,79.7
2016-12-01,79.09
2016-12-02,78.51
2016-12-03,78.01
2016-12-04,77.46
2016-12-05,76.72
2016-12-06,75.98
2016-12-07,75.34
2016-12-08,74.81
2016-12-09,74.33
2016-12-10,73.98
2016-12-11,73.65
2016-12-12,73.09
2016-12-13,72.51
2016-12-14,71.93
2016-12-15,71.32
2016-12-16,70.71
2016-12-17,70.19
2016-12-18,69.69
2016-12-19,69.02
2016-12-20,68.29
2016-12-21,67.65
2016-12-22,67.07
2016-12-23,66.59
2016-12-24,66.34
2016-12-25,66.21
2016-12-26,65.99
2016-12-27,65.56
2016-12-28,65.06
2016-12-29,64.5
2016-12-30,63.94
2016-12-31,63.46
2017-01-01,63.14
2017-01-02,62.58
2017-01-03,61.86
2017-01-04,61.14
2017-01-05,60.31
2017-01-06,59.44
2017-01-07,58.78
2017-01-08,58.12
2017-01-09,57.36
2017-01-10,56.62
2017-01-11,55.9
2017-01-12,55.2
2017-01-13,54.47
2017-01-14,53.89
2017-01-15,53.3
2017-01-16,52.49
2017-01-17,51.58
2017-01-18,50.66
2017-01-19,49.74
2017-01-20,48.88
2017-01-21,48.2
2017-01-22,47.5
2017-01-23,46.62
2017-01-24,45.77
2017-01-25,44.91
2017-01-26,44.06
2017-01-27,43.28
2017-01-28,42.74
2017-01-29,42.21
2017-01-30,41.61
2017-01-31,40.99
2017-02-01,40.52
2017-02-02,40.08
2017-02-03,39.71
2017-02-04,39.42
2017-02-05,39.12
2017-02-06,38.6
2017-02-07,38.06
2017-02-08,37.45
2017-02-09,36.73
2017-02-10,36.0
2017-02-11,35.46
2017-02-12,35.06
2017-02-13,34.52
2017-02-14,33.96
2017-02-15,33.52
2017-02-16,33.09
2017-02-17,32.69
2017-02-18,32.44
2017-02-19,32.18
2017-02-20,31.75
2017-02-21,31.48
2017-02-22,31.22
2017-02-23,30.92
2017-02-24,30.53
2017-02-25,30.25
2017-02-26,30.06
2017-02-27,29.79
2017-02-28,29.43
2017-03-01,29.1
2017-03-02,28.81
2017-03-03,28.55
2017-03-04,28.47
2017-03-05,28.37
2017-03-06,28.1
2017-03-07,27.76
2017-03-08,27.52
2017-03-09,27.35
2017-03-10,27.21
2017-03-11,27.17
2017-03-12,27.13
2017-03-13,26.87
2017-03-14,26.69
2017-03-15,26.55
2017-03-16,26.47
2017-03-17,26.39
2017-03-18,26.4
2017-03-19,26.46
2017-03-20,26.36
2017-03-21,26.32
2017-03-22,26.19
2017-03-23,26.09
2017-03-24,26.03
2017-03-25,26.08
2017-03-26,26.12
2017-03-27,26.03
2017-03-28,25.99
2017-03-29,26.01
2017-03-30,26.1
2017-03-31,26.06
2017-04-01,26.5
2017-04-02,26.82
2017-04-03,26.99
2017-04-04,27.16
2017-04-05,27.29
2017-04-06,27.35
2017-04-07,27.45
2017-04-08,27.66
2017-04-09,27.97
2017-04-10,28.17
2017-04-11,28.35
2017-04-12,28.52
2017-04-13,28.67
2017-04-14,28.91
2017-04-15,29.18
2017-04-16,29.41
2017-04-17,29.62
2017-04-18,29.67
2017-04-19,29.59
2017-04-20,29.52
2017-04-21,29.55
2017-04-22,29.73
2017-04-23,29.92
2017-04-24,30.05
2017-04-25,29.68
2017-04-26,30.14
2017-04-27,30.15
2017-04-28,30.19
2017-04-29,30.34
2017-04-30,30.63
2017-05-01,30.87
2017-05-02,31.01
2017-05-03,31.18
2017-05-04,31.37
2017-05-05,31.56
2017-05-06,31.82
2017-05-07,32.12
2017-05-08,32.26
2017-05-09,32.33
2017-05-10,32.46
2017-05-11,32.64
2017-05-12,32.89
2017-05-13,33.22
2017-05-14,33.57
2017-05-15,33.85
2017-05-16,34.14
2017-05-17,34.46
2017-05-18,34.78
2017-05-19,35.12
2017-05-20,35.53
2017-05-21,35.98
2017-05-22,36.36
2017-05-23,36.74
2017-05-24,37.12
2017-05-25,37.56
2017-05-26,38.03
2017-05-27,38.55
2017-05-28,39.08
2017-05-29,39.48
2017-05-30,39.86
2017-05-31,40.2
2017-06-01,40.61
2017-06-02,41.07
2017-06-03,41.6
2017-06-04,42.14
2017-06-05,42.6
2017-06-06,42.99
2017-06-07,43.36
2017-06-08,43.69
2017-06-09,44.09
2017-06-10,44.55
2017-06-11,45.06
2017-06-12,45.44
2017-06-13,45.78
2017-06-14,46.09
2017-06-15,46.4
2017-06-16,46.71
2017-06-17,47.06
2017-06-18,47.4
2017-06-19,47.64
2017-06-20,47.83
2017-06-21,48.02
2017-06-22,48.26
2017-06-23,48.5
2017-06-24,48.88
2017-06-25,49.27
2017-06-26,49.6
2017-06-27,49.84
2017-06-28,50.1
2017-06-29,50.48
2017-06-30,50.81
2017-07-01,51.25
2017-07-02,51.72
2017-07-03,52.24
2017-07-04,52.52
2017-07-05,52.92
2017-07-06,53.25
2017-07-07,53.5
2017-07-08,53.98
2017-07-09,54.53
2017-07-10,54.89
2017-07-11,55.19
2017-07-12,55.37
2017-07-13,55.69
2017-07-14,56.15
2017-07-15,56.58
2017-07-16,57.05
2017-07-17,57.32
2017-07-18,57.61
2017-07-19,57.96
2017-07-20,58.39
2017-07-21,58.77
2017-07-22,59.27
2017-07-23,59.76
2017-07-24,60.13
2017-07-25,60.53
2017-07-26,60.93
2017-07-27,61.33
2017-07-28,61.78
2017-07-29,62.29
2017-07-30,62.83
2017-07-31,63.34
2017-08-01,63.63
2017-08-02,63.97
2017-08-03,64.37
2017-08-04,64.81
2017-08-05,65.3
2017-08-06,65.81
2017-08-07,66.25
2017-08-08,66.61
2017-08-09,66.98
2017-08-10,67.37
2017-08-11,67.82
2017-08-12,68.35
2017-08-13,68.73
2017-08-14,69.36
2017-08-15,69.81
2017-08-16,70.31
2017-08-17,70.8
2017-08-18,71.27
2017-08-19,71.76
2017-08-20,72.23
2017-08-21,72.6
2017-08-22,72.99
2017-08-23,73.38
2017-08-24,73.76
2017-08-25,74.18
2017-08-26,74.69
2017-08-27,75.19
2017-08-28,75.61
2017-08-29,76.01
2017-08-30,76.38
2017-08-31,76.73
2017-09-01,77.07
2017-09-02,77.49
2017-09-03,77.95
2017-09-04,78.3
2017-09-05,78.67
2017-09-06,79.01
2017-09-07,79.35
2017-09-08,80.5
2017-09-09,80.9
2017-09-10,81.33
2017-09-11,81.59
2017-09-12,81.81
2017-09-13,82.0
2017-09-14,82.03
2017-09-15,82.13
2017-09-16,82.35
2017-09-17,82.57
2017-09-18,82.62
2017-09-19,82.69
2017-09-20,82.78
2017-09-21,81.94
2017-09-22,82.12
2017-09-23,82.44
2017-09-24,82.79
2017-09-25,82.94
2017-09-26,83.15
2017-09-27,83.32
2017-09-28,83.53
2017-09-29,83.79
2017-09-30,84.09
2017-10-01,84.4
2017-10-02,84.7
2017-10-03,84.9
2017-10-04,85.04
2017-10-05,85.33
2017-10-06,85.45
2017-10-07,85.65
2017-10-08,85.85
2017-10-09,85.92
2017-10-10,85.94
2017-10-11,86.0
2017-10-12,86.11
2017-10-13,86.29
2017-10-14,86.63
2017-10-15,86.97
2017-10-16,87.19
2017-10-17,87.39
2017-10-18,87.52
2017-10-19,87.68
2017-10-20,87.84
2017-10-21,88.08
2017-10-22,88.31
2017-10-23,88.37
2017-10-24,88.46
2017-10-25,88.59
2017-10-26,88.65
2017-10-27,88.72
2017-10-28,88.81
2017-10-29,89.02
2017-10-30,88.95
2017-10-31,88.87
2017-11-01,88.83
2017-11-02,88.71
2017-11-03,88.65
2017-11-04,88.66
2017-11-05,88.66
2017-11-06,88.43
2017-11-07,88.15
2017-11-08,87.84
2017-11-09,87.65
2017-11-10,87.4
2017-11-11,87.27
2017-11-12,87.12
2017-11-13,86.81
2017-11-14,86.35
2017-11-15,85.97
2017-11-16,85.64
2017-11-17,85.28
2017-11-18,85.02
2017-11-19,84.74
2017-11-20,84.35
2017-11-21,84.01
2017-11-22,83.76
2017-11-23,83.48
2017-11-24,83.11
2017-11-25,82.86
2017-11-26,82.59
2017-11-27,82.07
2017-11-28,81.52
2017-11-29,80.9
2017-11-30,80.01
2017-12-01,79.36
2017-12-02,78.8
2017-12-03,78.3
2017-12-04,77.7
2017-12-05,77.15
2017-12-06,76.62
2017-12-07,76.03
2017-12-08,75.47
2017-12-09,74.91
2017-12-10,74.32
2017-12-11,73.62
2017-12-12,72.79
2017-12-13,72.04
2017-12-14,71.41
2017-12-15,70.88
2017-12-16,70.29
2017-12-17,69.79
2017-12-18,69.08
2017-12-19,68.34
2017-12-20,67.66
2017-12-21,67.1
2017-12-22,66.6
2017-12-23,66.37
2017-12-24,66.22
2017-12-25,66.04
2017-12-26,65.78
2017-12-27,65.42
2017-12-28,64.95
2017-12-29,64.51
2017-12-30,64.3
2017-12-31,64.2
2018-01-01,64.02
2018-01-02,63.7
2018-01-03,63.33
2018-01-04,62.99
2018-01-05,62.65
2018-01-06,62.36
2018-01-07,61.97
2018-01-08,61.36
2018-01-09,60.77
2018-01-10,60.22
2018-01-11,59.64
2018-01-12,59.08
2018-01-13,58.6
2018-01-14,58.12
2018-01-15,57.46
2018-01-16,56.84
2018-01-17,56.15
2018-01-18,55.47
2018-01-19,54.78
2018-01-20,54.21
2018-01-21,53.71
2018-01-22,53.09
2018-01-23,52.57
2018-01-24,52.12
2018-01-25,51.56
2018-01-26,50.99
2018-01-27,50.61
2018-01-28,50.33
2018-01-29,49.89
2018-01-30,49.36
2018-01-31,48.83
2018-02-01,48.27
2018-02-02,47.68
2018-02-03,47.17
2018-02-04,46.61
2018-02-05,45.79
2018-02-06,44.91
2018-02-07,44.02
2018-02-08,43.16
2018-02-09,42.38
2018-02-10,41.84
2018-02-11,41.36
2018-02-12,40.65
2018-02-13,39.92
2018-02-14,39.25
2018-02-15,38.61
2018-02-16,38.02
2018-02-17,37.54
2018-02-18,37.06
2018-02-19,36.37
2018-02-20,35.68
2018-02-21,34.94
2018-02-22,34.16
2018-02-23,33.39
2018-02-24,32.72
2018-02-25,31.98
2018-02-26,30.99
2018-02-27,29.97
2018-02-28,28.89
2018-03-01,27.92
2018-03-02,27.01
2018-03-03,26.25
2018-03-04,25.72
2018-03-05,25.16
2018-03-06,24.65
2018-03-07,23.75
2018-03-08,23.69
2018-03-09,23.35
2018-03-10,23.22
2018-03-11,23.16
2018-03-12,22.96
2018-03-13,22.74
2018-03-14,22.53
2018-03-15,22.29
2018-03-16,22.06
2018-03-17,21.71
2018-03-18,21.26
2018-03-19,20.68
2018-03-20,20.15
2018-03-21,19.65
2018-03-22,19.2
2018-03-23,18.84
2018-03-24,18.68
2018-03-25,18.6
2018-03-26,18.38
2018-03-27,18.13
2018-03-28,17.92
2018-03-29,17.75
2018-03-30,17.67
2018-03-31,18.3
2018-04-01,18.45
2018-04-02,18.47
2018-04-03,18.52
2018-04-04,18.69
2018-04-05,18.7
2018-04-06,18.8
2018-04-07,19.04
2018-04-08,19.33
2018-04-09,18.64
2018-04-10,18.75
2018-04-11,18.84
2018-04-12,18.91
2018-04-13,19.03
2018-04-14,19.29
2018-04-15,19.67
2018-04-16,19.88
2018-04-17,20.15
2018-04-18,20.52
2018-04-19,20.89
2018-04-20,21.28
2018-04-21,21.76
2018-04-22,22.3
2018-04-23,22.69
2018-04-24,22.99
2018-04-25,23.33
2018-04-26,23.66
2018-04-27,23.97
2018-04-28,24.37
2018-04-29,24.79
2018-04-30,25.07
2018-05-01,25.51
2018-05-02,25.72
2018-05-03,26.01
2018-05-04,26.2
2018-05-05,26.59
2018-05-06,26.97
2018-05-07,27.4
2018-05-08,27.82
2018-05-09,28.21
2018-05-10,28.65
2018-05-11,29.09
2018-05-12,29.57
2018-05-13,29.95
2018-05-14,30.43
2018-05-15,30.81
2018-05-16,31.19
2018-05-17,31.56
2018-05-18,31.9
2018-05-19,32.34
2018-05-20,32.82
2018-05-21,33.29
2018-05-22,33.6
2018-05-23,33.99
2018-05-24,34.41
2018-05-25,34.83
2018-05-26,35.34
2018-05-27,35.87
2018-05-28,36.31
2018-05-29,36.58
2018-05-30,36.93
2018-05-31,37.26
2018-06-01,37.57
2018-06-02,38.03
2018-06-03,38.49
2018-06-04,38.85
2018-06-05,39.14
2018-06-06,39.46
2018-06-07,39.78
2018-06-08,40.13
2018-06-09,40.59
2018-06-10,41.07
2018-06-11,41.44
2018-06-12,41.78
2018-06-13,42.18
2018-06-14,42.61
2018-06-15,42.95
2018-06-16,43.42
2018-06-17,43.89
2018-06-18,44.26
2018-06-19,44.6
2018-06-20,44.92
2018-06-21,45.24
2018-06-22,44.98
2018-06-23,45.37
2018-06-24,45.83
2018-06-25,46.87
2018-06-26,47.22
2018-06-27,47.54
2018-06-28,47.89
2018-06-29,48.29
2018-06-30,48.73
2018-07-01,49.23
2018-07-02,49.63
2018-07-03,50.01
2018-07-04,50.43
2018-07-05,50.81
2018-07-06,51.22
2018-07-07,51.74
2018-07-08,52.25
2018-07-09,52.77
2018-07-10,52.87
2018-07-11,53.21
2018-07-12,53.53
2018-07-13,53.88
2018-07-14,54.37
2018-07-15,54.87
2018-07-16,55.26
2018-07-17,55.55
2018-07-18,55.84
2018-07-19,56.12
2018-07-20,56.43
2018-07-21,56.86
2018-07-22,57.3
2018-07-23,57.63
2018-07-24,57.93
2018-07-25,58.24
2018-07-26,58.55
2018-07-27,58.89
2018-07-28,59.33
2018-07-29,59.79
2018-07-30,60.19
2018-07-31,60.61
2018-08-01,61.17
2018-08-02,61.36
2018-08-03,61.74
2018-08-04,62.21
2018-08-05,62.7
2018-08-06,63.06
2018-08-07,63.49
2018-08-08,63.88
2018-08-09,64.28
2018-08-10,64.74
2018-08-11,65.24
2018-08-12,65.74
2018-08-13,66.14
2018-08-14,66.56
2018-08-15,67.03
2018-08-16,67.47
2018-08-17,67.94
2018-08-18,68.45
2018-08-19,68.95
2018-08-20,69.31
2018-08-21,69.68
2018-08-22,70.03
2018-08-23,70.38
2018-08-24,70.71
2018-08-25,71.18
2018-08-26,71.63
2018-08-27,72.02
2018-08-28,72.34
2018-08-29,72.65
2018-08-30,72.95
2018-08-31,73.2
2018-09-01,73.62
2018-09-02,74.02
2018-09-03,74.28
2018-09-04,74.54
2018-09-05,74.81
2018-09-06,75.07
2018-09-07,75.34
2018-09-08,75.69
2018-09-09,76.07
2018-09-10,76.4
2018-09-11,76.68
2018-09-12,76.94
2018-09-13,77.1
2018-09-14,77.5
2018-09-15,77.92
2018-09-16,78.35
2018-09-17,78.66
2018-09-18,78.99
2018-09-19,79.31
2018-09-20,79.59
2018-09-21,79.91
2018-09-22,80.22
2018-09-23,80.54
2018-09-24,80.74
2018-09-25,80.91
2018-09-26,81.11
2018-09-27,81.35
2018-09-28,81.58
2018-09-29,81.85
2018-09-30,82.13
2018-10-01,82.21
2018-10-02,82.36
2018-10-03,82.52
2018-10-04,82.65
2018-10-05,82.84
2018-10-06,83.12
2018-10-07,83.39
2018-10-08,83.55
2018-10-09,83.69
2018-10-10,83.88
2018-10-11,84.13
2018-10-12,84.44
2018-10-13,84.85
2018-10-14,85.22
2018-10-15,85.45
2018-10-16,85.67
2018-10-17,85.84
2018-10-18,85.99
2018-10-19,86.14
2018-10-20,86.4
2018-10-21,86.65
2018-10-22,86.73
2018-10-23,86.82
2018-10-24,86.89
2018-10-25,86.92
2018-10-26,86.94
2018-10-27,86.91
2018-10-28,86.97
2018-10-29,86.83
2018-10-30,86.87
2018-10-31,86.76
2018-11-01,86.7
2018-11-02,86.83
2018-11-03,86.86
2018-11-04,86.9
2018-11-05,86.85
2018-11-06,86.89
2018-11-07,86.84
2018-11-08,86.71
2018-11-09,86.7
2018-11-10,86.76
2018-11-11,86.85
2018-11-12,86.81
2018-11-13,86.72
2018-11-14,86.62
2018-11-15,86.46
2018-11-16,86.23
2018-11-17,86.02
2018-11-18,85.78
2018-11-19,85.38
2018-11-20,84.87
2018-11-21,84.34
2018-11-22,83.82
2018-11-23,83.36
2018-11-24,83.06
2018-11-25,82.79
2018-11-26,82.31
2018-11-27,81.93
2018-11-28,81.64
2018-11-29,81.2
2018-11-30,80.84
2018-12-01,80.56
2018-12-02,80.45
2018-12-03,80.23
2018-12-04,79.89
2018-12-05,79.5
2018-12-06,78.78
2018-12-07,78.99
2018-12-08,78.87
2018-12-09,78.73
2018-12-10,78.29
2018-12-11,77.79
2018-12-12,77.11
2018-12-13,76.56
2018-12-14,75.87
2018-12-15,75.3
2018-12-16,74.76
2018-12-17,74.19
2018-12-18,73.62
2018-12-19,73.09
2018-12-20,72.6
2018-12-21,72.28
2018-12-22,72.1
2018-12-23,71.91
2018-12-24,71.68
2018-12-25,71.47
2018-12-26,71.19
2018-12-27,70.8
2018-12-28,70.44
2018-12-29,70.22
2018-12-30,70.08
2018-12-31,69.89
2019-01-01,69.77
2019-01-02,69.4
2019-01-03,68.83
2019-01-04,68.28
2019-01-05,67.87
2019-01-06,67.49
2019-01-07,67.0
2019-01-08,66.54
2019-01-09,65.94
2019-01-10,65.25
2019-01-11,64.79
2019-01-12,64.54
2019-01-13,64.37
2019-01-14,63.85
2019-01-15,63.11
2019-01-16,62.58
2019-01-17,62.02
2019-01-18,61.36
2019-01-19,60.75
2019-01-20,60.13
2019-01-21,59.34
2019-01-22,58.52
2019-01-23,57.54
2019-01-24,56.86
2019-01-25,56.13
2019-01-26,55.68
2019-01-27,55.28
2019-01-28,54.65
2019-01-29,53.97
2019-01-30,53.25
2019-01-31,52.54
2019-02-01,51.92
2019-02-02,51.46
2019-02-03,51.02
2019-02-04,50.4
2019-02-05,49.82
2019-02-06,49.14
2019-02-07,48.85
2019-02-08,48.45
2019-02-09,48.17
2019-02-10,47.91
2019-02-11,47.4
2019-02-12,46.95
2019-02-13,46.49
2019-02-14,46.1
2019-02-15,45.78
2019-02-16,45.62
2019-02-17,45.14
2019-02-18,45.24
2019-02-19,44.98
2019-02-20,44.69
2019-02-21,43.58
2019-02-22,43.5
2019-02-23,43.32
2019-02-24,43.15
2019-02-25,42.88
2019-02-26,42.71
2019-02-27,42.53
2019-02-28,42.34
2019-03-01,42.22
2019-03-02,42.26
2019-03-03,42.29
2019-03-04,42.22
2019-03-05,42.1
2019-03-06,42.03
2019-03-07,41.95
2019-03-08,41.89
2019-03-09,41.92
2019-03-10,41.94
2019-03-11,41.78
2019-03-12,41.57
2019-03-13,41.38
2019-03-14,41.22
2019-03-15,41.17
2019-03-16,41.19
2019-03-17,41.23
2019-03-18,41.06
2019-03-19,40.85
2019-03-20,40.69
2019-03-21,40.61
2019-03-22,40.65
2019-03-23,40.81
2019-03-24,40.83
2019-03-25,41.05
2019-03-26,41.0
2019-03-27,40.92
2019-03-28,40.9
2019-03-29,41.05
2019-03-30,41.28
2019-03-31,41.39
2019-04-01,44.0
2019-04-02,43.93
2019-04-03,44.0
2019-04-04,43.88
2019-04-05,43.92
2019-04-06,44.16
2019-04-07,44.45
2019-04-08,44.62
2019-04-09,44.75
2019-04-10,44.82
2019-04-11,44.85
2019-04-12,42.86
2019-04-13,42.95
2019-04-14,41.82
2019-04-15,43.14
2019-04-16,43.33
2019-04-17,43.58
2019-04-18,43.95
2019-04-19,44.42
2019-04-20,44.95
2019-04-21,45.53
2019-04-22,46.11
2019-04-23,46.56
2019-04-24,47.02
2019-04-25,47.44
2019-04-26,47.87
2019-04-27,48.3
2019-04-28,48.66
2019-04-29,48.92
2019-04-30,49.2
2019-05-01,49.65
2019-05-02,50.01
2019-05-03,50.36
2019-05-04,50.73
2019-05-05,51.05
2019-05-06,51.22
2019-05-07,51.45
2019-05-08,51.72
2019-05-09,51.98
2019-05-10,52.26
2019-05-11,52.62
2019-05-12,52.98
2019-05-13,53.24
2019-05-14,53.49
2019-05-15,53.69
2019-05-16,53.93
2019-05-17,54.23
2019-05-18,54.67
2019-05-19,55.11
2019-05-20,55.48
2019-05-21,55.86
2019-05-22,56.25
2019-05-23,56.66
2019-05-24,57.11
2019-05-25,57.61
2019-05-26,58.19
2019-05-27,58.59
2019-05-28,58.92
2019-05-29,59.31
2019-05-30,59.77
2019-05-31,60.27
2019-06-01,60.67
2019-06-02,61.24
2019-06-03,61.71
2019-06-04,62.18
2019-06-05,62.58
2019-06-06,63.01
2019-06-07,63.45
2019-06-08,63.93
2019-06-09,64.42
2019-06-10,64.86
2019-06-11,65.24
2019-06-12,65.63
2019-06-13,66.03
2019-06-14,66.42
2019-06-15,66.91
2019-06-16,67.38
2019-06-17,67.8
2019-06-18,68.17
2019-06-19,68.52
2019-06-20,68.91
2019-06-21,69.3
2019-06-22,69.77
2019-06-23,70.29
2019-06-24,70.68
2019-06-25,71.07
2019-06-26,71.47
2019-06-27,71.85
2019-06-28,72.23
2019-06-29,72.68
2019-06-30,73.12
2019-07-01,73.39
2019-07-02,73.68
2019-07-03,73.99
2019-07-04,74.3
2019-07-05,74.62
2019-07-06,75.07
2019-07-07,75.51
2019-07-08,75.8
2019-07-09,76.03
2019-07-10,76.31
2019-07-11,76.61
2019-07-12,76.96
2019-07-13,77.38
2019-07-14,77.81
2019-07-15,78.13
2019-07-16,78.37
2019-07-17,78.6
2019-07-18,78.85
2019-07-19,79.1
2019-07-20,79.46
2019-07-21,79.84
2019-07-22,80.13
2019-07-23,80.42
2019-07-24,80.69
2019-07-25,80.96
2019-07-26,81.36
2019-07-27,81.71
2019-07-28,82.1
2019-07-29,82.05
2019-07-30,82.35
2019-07-31,82.7
2019-08-01,82.88
2019-08-02,83.17
2019-08-03,83.52
2019-08-04,83.8
2019-08-05,84.09
2019-08-06,84.39
2019-08-07,84.71
2019-08-08,85.38
2019-08-09,85.76
2019-08-10,86.13
2019-08-11,86.53
2019-08-12,86.83
2019-08-13,87.1
2019-08-14,87.39
2019-08-15,87.74
2019-08-16,88.07
2019-08-17,88.46
2019-08-18,88.89
2019-08-19,89.27
2019-08-20,89.56
2019-08-21,89.86
2019-08-22,90.15
2019-08-23,90.24
2019-08-24,90.54
2019-08-25,90.86
2019-08-26,90.93
2019-08-27,91.09
2019-08-28,91.25
2019-08-29,91.42
2019-08-30,91.63
2019-08-31,91.84
2019-09-01,92.42
2019-09-02,92.63
2019-09-03,92.79
2019-09-04,92.98
2019-09-05,93.15
2019-09-06,93.28
2019-09-07,93.43
2019-09-08,93.59
2019-09-09,93.68
2019-09-10,93.81
2019-09-11,93.96
2019-09-12,94.14
2019-09-13,94.3
2019-09-14,94.53
2019-09-15,94.78
2019-09-16,94.97
2019-09-17,95.11
2019-09-18,95.2
2019-09-19,95.24
2019-09-20,95.33
2019-09-21,95.53
2019-09-22,95.74
2019-09-23,95.85
2019-09-24,95.97
2019-09-25,96.02
2019-09-26,96.12
2019-09-27,96.26
2019-09-28,96.47
2019-09-29,96.69
2019-09-30,96.68
2019-10-01,96.92
2019-10-02,97.04
2019-10-03,97.05
2019-10-04,97.05
2019-10-05,97.17
2019-10-06,97.32
2019-10-07,97.27
2019-10-08,97.27
2019-10-09,97.28
2019-10-10,97.0
2019-10-11,97.05
2019-10-12,97.17
2019-10-13,97.35
2019-10-14,97.41
2019-10-15,97.46
2019-10-16,97.44
2019-10-17,97.47
2019-10-18,97.47
2019-10-19,97.57
2019-10-20,97.54
2019-10-21,97.56
2019-10-22,97.56
2019-10-23,97.5
2019-10-24,97.54
2019-10-25,97.59
2019-10-26,97.65
2019-10-27,97.84
2019-10-28,97.84
2019-10-29,97.73
2019-10-30,97.63
2019-10-31,97.27
2019-11-01,97.32
2019-11-02,97.46
2019-11-03,97.58
2019-11-04,97.62
2019-11-05,97.6
2019-11-06,97.57
2019-11-07,97.55
2019-11-08,97.48
2019-11-09,97.47
2019-11-10,97.45
2019-11-11,97.33
2019-11-12,97.16
2019-11-13,96.97
2019-11-14,96.76
2019-11-15,96.62
2019-11-16,96.49
2019-11-17,96.39
2019-11-18,96.16
2019-11-19,95.84
2019-11-20,95.41
2019-11-21,95.06
2019-11-22,94.84
2019-11-23,94.82
2019-11-24,94.82
2019-11-25,94.68
2019-11-26,94.61
2019-11-27,94.56
2019-11-28,94.53
2019-11-29,94.48
2019-11-30,94.22
2019-12-01,94.25
2019-12-02,93.91
2019-12-03,93.59
2019-12-04,93.23
2019-12-05,92.83
2019-12-06,92.56
2019-12-07,92.43
2019-12-08,92.41
2019-12-09,92.15
2019-12-10,91.8
2019-12-11,91.38
2019-12-12,90.94
2019-12-13,90.6
2019-12-14,90.45
2019-12-15,90.34
2019-12-16,90.09
2019-12-17,89.87
2019-12-18,89.64
2019-12-19,89.57
2019-12-20,89.52
2019-12-21,89.54
2019-12-22,89.57
2019-12-23,89.57
2019-12-24,89.58
2019-12-25,89.58
2019-12-26,89.54
2019-12-27,89.39
2019-12-28,89.21
2019-12-29,88.98
2019-12-30,88.68
2019-12-31,88.4
2020-01-01,88.06
2020-01-02,87.59
2020-01-03,87.19
2020-01-04,86.81
2020-01-05,86.42
2020-01-06,85.9
2020-01-07,85.33
2020-01-08,84.8
2020-01-09,84.3
2020-01-10,83.88
2020-01-11,83.45
2020-01-12,83.03
2020-01-13,82.53
2020-01-14,82.0
2020-01-15,81.47
2020-01-16,80.92
2020-01-17,80.36
2020-01-18,79.81
2020-01-19,79.2
2020-01-20,78.52
2020-01-21,77.75
2020-01-22,76.99
2020-01-23,76.25
2020-01-24,75.51
2020-01-25,74.9
2020-01-26,74.38
2020-01-27,73.77
2020-01-28,73.04
2020-01-29,72.4
2020-01-30,71.97
2020-01-31,71.47
2020-02-01,71.29
2020-02-02,71.09
2020-02-03,70.72
2020-02-04,70.27
2020-02-05,69.72
2020-02-06,69.09
2020-02-07,68.57
2020-02-08,68.17
2020-02-09,67.89
2020-02-10,67.55
2020-02-11,67.17
2020-02-12,66.59
2020-02-13,66.06
2020-02-14,65.62
2020-02-15,65.43
2020-02-16,65.28
2020-02-17,64.96
2020-02-18,64.59
2020-02-19,64.17
2020-02-20,63.82
2020-02-21,63.45
2020-02-22,63.24
2020-02-23,63.07
2020-02-24,62.77
2020-02-25,62.46
2020-02-26,61.94
2020-02-27,61.4
2020-02-28,60.94
2020-02-29,60.73
2020-03-01,60.52
2020-03-02,60.09
2020-03-03,59.66
2020-03-04,59.25
2020-03-05,58.79
2020-03-06,58.43
2020-03-07,58.25
2020-03-08,58.1
2020-03-09,57.78
2020-03-10,57.54
2020-03-11,57.4
2020-03-12,57.27
2020-03-13,57.04
2020-03-14,56.89
2020-03-15,56.84
2020-03-16,56.67
2020-03-17,56.5
2020-03-18,56.4
2020-03-19,56.3
2020-03-20,56.25
2020-03-21,56.14
2020-03-22,56.06
2020-03-23,55.82
2020-03-24,55.58
2020-03-25,55.32
2020-03-26,55.08
2020-03-27,54.94
2020-03-28,54.95
2020-03-29,54.81
2020-03-30,54.62
2020-03-31,54.32
2020-04-01,54.49
2020-04-02,54.46
2020-04-03,54.46
2020-04-04,54.62
2020-04-05,54.84
2020-04-06,55.11
2020-04-07,55.33
2020-04-08,55.6
2020-04-09,55.92
2020-04-10,56.27
2020-04-11,56.67
2020-04-12,57.13
2020-04-13,57.4
2020-04-14,57.67
2020-04-15,57.88
2020-04-16,58.16
2020-04-17,58.47
2020-04-18,58.85
2020-04-19,59.25
2020-04-20,59.52
2020-04-21,59.86
2020-04-22,59.61
2020-04-23,60.51
2020-04-24,60.87
2020-04-25,61.25
2020-04-26,61.6
2020-04-27,61.89
2020-04-28,62.15
2020-04-29,62.47
2020-04-30,62.78
2020-05-01,63.36
2020-05-02,63.72
2020-05-03,64.07
2020-05-04,64.38
2020-05-05,64.67
2020-05-06,64.96
2020-05-07,65.29
2020-05-08,65.7
2020-05-09,66.2
2020-05-10,66.61
2020-05-11,66.94
2020-05-12,67.08
2020-05-13,67.27
2020-05-14,67.49
2020-05-15,67.73
2020-05-16,68.09
2020-05-17,68.5
2020-05-18,68.83
2020-05-19,69.13
2020-05-20,69.39
2020-05-21,69.76
2020-05-22,70.2
2020-05-23,70.62
2020-05-24,71.01
2020-05-25,71.34
2020-05-26,71.62
2020-05-27,71.82
2020-05-28,72.23
2020-05-29,72.48
2020-05-30,72.8
2020-05-31,73.14
2020-06-01,73.38
2020-06-02,73.63
2020-06-03,73.88
2020-06-04,74.14
2020-06-05,74.39
2020-06-06,74.72
2020-06-07,75.06
2020-06-08,75.22
2020-06-09,75.37
2020-06-10,75.53
2020-06-11,75.76
2020-06-12,76.03
2020-06-13,76.39
2020-06-14,76.74
2020-06-15,76.95
2020-06-16,77.13
2020-06-17,77.3
2020-06-18,77.51
2020-06-19,77.73
2020-06-20,78.07
2020-06-21,78.43
2020-06-22,78.69
2020-06-23,78.92
2020-06-24,79.13
2020-06-25,79.34
2020-06-26,79.59
2020-06-27,79.93
2020-06-28,80.29
2020-06-29,80.54
2020-06-30,80.64
2020-07-01,80.82
2020-07-02,81.01
2020-07-03,81.31
2020-07-04,81.68
2020-07-05,82.07
2020-07-06,82.28
2020-07-07,82.41
2020-07-08,82.51
2020-07-09,82.61
2020-07-10,82.8
2020-07-11,83.12
2020-07-12,83.49
2020-07-13,83.75
2020-07-14,83.84
2020-07-15,83.81
2020-07-16,83.88
2020-07-17,83.95
2020-07-18,84.08
2020-07-19,84.25
2020-07-20,84.33
2020-07-21,84.36
2020-07-22,84.38
2020-07-23,84.43
2020-07-24,84.5
2020-07-25,84.55
2020-07-26,84.85
2020-07-27,85.06
2020-07-28,85.25
2020-07-29,85.43
2020-07-30,85.58
2020-07-31,85.43
2020-08-01,85.94
2020-08-02,86.22
2020-08-03,86.42
2020-08-04,86.6
2020-08-05,86.76
2020-08-06,86.94
2020-08-07,87.16
2020-08-08,87.45
2020-08-09,87.77
2020-08-10,87.88
2020-08-11,88.12
2020-08-12,88.3
2020-08-13,88.49
2020-08-14,88.71
2020-08-15,88.98
2020-08-16,89.28
2020-08-17,89.49
2020-08-18,89.68
2020-08-19,89.86
2020-08-20,90.03
2020-08-21,90.27
2020-08-22,90.57
2020-08-23,90.85
2020-08-24,90.97
2020-08-25,91.1
2020-08-26,91.22
2020-08-27,91.28
2020-08-28,91.21
2020-08-29,91.34
2020-08-30,91.49
2020-08-31,91.24
2020-09-01,91.23
2020-09-02,91.5
2020-09-03,91.65
2020-09-04,91.8
2020-09-05,92.04
2020-09-06,92.27
2020-09-07,92.39
2020-09-08,92.5
2020-09-09,92.63
2020-09-10,92.72
2020-09-11,92.87
2020-09-12,93.13
2020-09-13,93.4
2020-09-14,93.52
2020-09-15,93.63
2020-09-16,93.73
2020-09-17,93.69
2020-09-18,93.84
2020-09-19,94.03
2020-09-20,94.22
2020-09-21,94.31
2020-09-22,94.39
2020-09-23,94.48
2020-09-24,94.6
2020-09-25,94.72
2020-09-26,94.86
2020-09-27,94.98
2020-09-28,94.92
2020-09-29,94.88
2020-09-30,94.78
2020-10-01,94.81
2020-10-02,94.96
2020-10-03,95.16
2020-10-04,95.38
2020-10-05,95.43
2020-10-06,95.5
2020-10-07,95.54
2020-10-08,95.58
2020-10-09,95.64
2020-10-10,95.87
2020-10-11,95.92
2020-10-12,95.86
2020-10-13,95.54
2020-10-14,95.43
2020-10-15,95.26
2020-10-16,95.09
2020-10-17,94.87
2020-10-18,94.97
2020-10-19,94.85
2020-10-20,94.76
2020-10-21,94.72
2020-10-22,94.67
2020-10-23,94.63
2020-10-24,94.67
2020-10-25,94.86
2020-10-26,94.85
2020-10-27,94.7
2020-10-28,94.62
2020-10-29,94.57
2020-10-30,94.61
2020-10-31,94.72
2020-11-01,95.08
2020-11-02,95.13
2020-11-03,95.03
2020-11-04,94.85
2020-11-05,94.64
2020-11-06,94.49
2020-11-07,94.44
2020-11-08,94.42
2020-11-09,94.23
2020-11-10,93.97
2020-11-11,93.77
2020-11-12,93.58
2020-11-13,93.4
2020-11-14,93.38
2020-11-15,93.41
2020-11-16,93.27
2020-11-17,93.12
2020-11-18,93.01
2020-11-19,92.81
2020-11-20,92.5
2020-11-21,92.3
2020-11-22,92.07
2020-11-23,91.71
2020-11-24,91.32
2020-11-25,90.84
2020-11-26,90.33
2020-11-27,89.8
2020-11-28,89.37
2020-11-29,88.93
2020-11-30,88.38
2020-12-01,87.78
2020-12-02,87.11
2020-12-03,86.46
2020-12-04,85.87
2020-12-05,85.44
2020-12-06,85.0
2020-12-07,84.4
2020-12-08,83.84
2020-12-09,83.13
2020-12-10,82.49
2020-12-11,81.89
2020-12-12,81.43
2020-12-13,81.07
2020-12-14,80.62
2020-12-15,80.2
2020-12-16,79.75
2020-12-17,79.33
2020-12-18,78.97
2020-12-19,78.72
2020-12-20,78.44
2020-12-21,78.05
2020-12-22,77.73
2020-12-23,77.51
2020-12-24,77.3
2020-12-25,77.01
2020-12-26,76.72
2020-12-27,76.34
2020-12-28,75.83
2020-12-29,75.31
2020-12-30,74.79
2020-12-31,74.13
2021-01-01,73.75
2021-01-02,73.22
2021-01-03,72.65
2021-01-04,71.89
2021-01-05,71.07
2021-01-06,70.28
2021-01-07,69.4
2021-01-08,68.5
2021-01-09,67.72
2021-01-10,66.95
2021-01-11,66.05
2021-01-12,65.17
2021-01-13,64.34
2021-01-14,63.44
2021-01-15,62.47
2021-01-16,61.62
2021-01-17,60.81
2021-01-18,59.88
2021-01-19,59.07
2021-01-20,58.41
2021-01-21,57.83
2021-01-22,57.24
2021-01-23,56.69
2021-01-24,56.13
2021-01-25,55.33
2021-01-26,54.55
2021-01-27,53.77
2021-01-28,53.12
2021-01-29,52.57
2021-01-30,52.05
2021-01-31,51.48
2021-02-01,50.81
2021-02-02,50.21
2021-02-03,49.74
2021-02-04,49.23
2021-02-05,48.75
2021-02-06,48.35
2021-02-07,47.81
2021-02-08,46.98
2021-02-09,46.09
2021-02-10,45.19
2021-02-11,44.29
2021-02-12,43.37
2021-02-13,42.51
2021-02-14,41.74
2021-02-15,40.95
2021-02-16,40.35
2021-02-17,39.88
2021-02-18,39.44
2021-02-19,39.01
2021-02-20,38.75
2021-02-21,38.55
2021-02-22,38.19
2021-02-23,37.91
2021-02-24,37.72
2021-02-25,37.47
2021-02-26,37.22
2021-02-27,37.02
2021-02-28,36.78
2021-03-01,36.43
2021-03-02,36.1
2021-03-03,35.77
2021-03-04,35.39
2021-03-05,34.99
2021-03-06,34.67
2021-03-07,34.35
2021-03-08,33.89
2021-03-09,33.44
2021-03-10,33.11
2021-03-11,32.91
2021-03-12,32.94
2021-03-13,32.65
2021-03-14,32.51
2021-03-15,32.27
2021-03-16,31.99
2021-03-17,31.69
2021-03-18,31.32
2021-03-19,30.99
2021-03-20,30.76
2021-03-21,30.6
2021-03-22,30.29
2021-03-23,30.05
2021-03-24,29.88
2021-03-25,29.77
2021-03-26,29.79
2021-03-27,29.86
2021-03-28,29.88
2021-03-29,29.9
2021-03-30,30.07
2021-03-31,29.99
2021-04-01,30.55
2021-04-02,30.73
2021-04-03,30.93
2021-04-04,31.13
2021-04-05,31.21
2021-04-06,31.03
2021-04-07,30.75
2021-04-08,30.5
2021-04-09,30.35
2021-04-10,30.31
2021-04-11,30.32
2021-04-12,30.06
2021-04-13,29.76
2021-04-14,29.49
2021-04-15,29.25
2021-04-16,29.11
2021-04-17,29.11
2021-04-18,29.14
2021-04-19,29.09
2021-04-20,29.09
2021-04-21,29.15
2021-04-22,29.21
2021-04-23,29.3
2021-04-24,29.56
2021-04-25,29.77
2021-04-26,29.87
2021-04-27,29.94
2021-04-28,30.04
2021-04-29,30.13
2021-04-30,29.94
2021-05-01,30.17
2021-05-02,30.38
2021-05-03,30.48
2021-05-04,30.6
2021-05-05,30.63
2021-05-06,30.63
2021-05-07,30.67
2021-05-08,30.95
2021-05-09,31.36
2021-05-10,31.73
2021-05-11,32.04
2021-05-12,32.32
2021-05-13,32.64
2021-05-14,32.96
2021-05-15,33.29
2021-05-16,33.57
2021-05-17,33.78
2021-05-18,33.92
2021-05-19,34.08
2021-05-20,34.33
2021-05-21,34.64
2021-05-22,35.0
2021-05-23,35.37
2021-05-24,35.69
2021-05-25,35.92
2021-05-26,36.11
2021-05-27,36.27
2021-05-28,36.52
2021-05-29,36.93
2021-05-30,37.36
2021-05-31,37.59
2021-06-01,37.95
2021-06-02,38.37
2021-06-03,38.77
2021-06-04,39.16
2021-06-05,39.59
2021-06-06,40.03
2021-06-07,40.35
2021-06-08,40.66
2021-06-09,40.88
2021-06-10,41.17
2021-06-11,41.49
2021-06-12,41.93
2021-06-13,42.38
2021-06-14,42.74
2021-06-15,43.03
2021-06-16,43.31
2021-06-17,43.59
2021-06-18,43.93
2021-06-19,44.32
2021-06-20,44.72
2021-06-21,45.02
2021-06-22,45.22
2021-06-23,45.42
2021-06-24,45.63
2021-06-25,45.89
2021-06-26,46.26
2021-06-27,46.65
2021-06-28,46.95
2021-06-29,47.24
2021-06-30,47.51
2021-07-01,47.8
2021-07-02,48.06
2021-07-03,48.47
2021-07-04,48.91
2021-07-05,49.28
2021-07-06,49.55
2021-07-07,49.78
2021-07-08,50.0
2021-07-09,50.29
2021-07-10,50.7
2021-07-11,51.12
2021-07-12,51.41
2021-07-13,51.57
2021-07-14,51.74
2021-07-15,51.94
2021-07-16,52.23
2021-07-17,52.53
2021-07-18,52.83
2021-07-19,53.05
2021-07-20,53.24
2021-07-21,53.41
2021-07-22,53.58
2021-07-23,53.92
2021-07-24,54.34
2021-07-25,54.75
2021-07-26,55.08
2021-07-27,55.4
2021-07-28,55.75
2021-07-29,56.1
2021-07-30,56.45
2021-07-31,56.83
2021-08-01,57.28
2021-08-02,57.63
2021-08-03,57.93
2021-08-04,58.23
2021-08-05,58.53
2021-08-06,58.91
2021-08-07,59.3
2021-08-08,59.69
2021-08-09,59.99
2021-08-10,60.32
2021-08-11,60.6
2021-08-12,60.91
2021-08-13,61.24
2021-08-14,61.65
2021-08-15,62.04
2021-08-16,62.38
2021-08-17,62.67
2021-08-18,62.98
2021-08-19,63.29
2021-08-20,63.63
2021-08-21,64.0
2021-08-22,64.37
2021-08-23,64.7
2021-08-24,65.04
2021-08-25,65.35
2021-08-26,65.67
2021-08-27,66.02
2021-08-28,66.4
2021-08-29,66.79
2021-08-30,67.11
2021-08-31,67.29
2021-09-01,67.72
2021-09-02,67.93
2021-09-03,68.16
2021-09-04,68.46
2021-09-05,68.79
2021-09-06,69.12
2021-09-07,69.3
2021-09-08,69.51
2021-09-09,69.72
2021-09-10,69.93
2021-09-11,70.22
2021-09-12,70.51
2021-09-13,70.68
2021-09-14,70.82
2021-09-15,70.93
2021-09-16,71.05
2021-09-17,71.26
2021-09-18,71.55
2021-09-19,71.86
2021-09-20,72.04
2021-09-21,72.2
2021-09-22,72.36
2021-09-23,72.57
2021-09-24,72.81
2021-09-25,73.42
2021-09-26,73.81
2021-09-27,74.08
2021-09-28,74.29
2021-09-29,74.54
2021-09-30,74.71
2021-10-01,74.93
2021-10-02,75.17
2021-10-03,75.48
2021-10-04,75.65
2021-10-05,75.87
2021-10-06,75.99
2021-10-07,76.04
2021-10-08,76.15
2021-10-09,76.37
2021-10-10,76.98
2021-10-11,76.98
2021-10-12,77.03
2021-10-13,76.97
2021-10-14,76.96
2021-10-15,76.95
2021-10-16,77.03
2021-10-17,77.12
2021-10-18,77.12
2021-10-19,77.18
2021-10-20,77.31
2021-10-21,77.32
2021-10-22,77.26
2021-10-23,77.24
2021-10-24,77.25
2021-10-25,77.13
2021-10-26,77.04
2021-10-27,77.07
2021-10-28,77.03
2021-10-29,77.01
2021-10-30,77.0
2021-10-31,77.12
2021-11-01,77.12
2021-11-02,76.86
2021-11-03,76.55
2021-11-04,76.29
2021-11-05,76.05
2021-11-06,75.96
2021-11-07,75.9
2021-11-08,75.63
2021-11-09,75.33
2021-11-10,75.03
2021-11-11,74.73
2021-11-12,74.41
2021-11-13,74.23
2021-11-14,74.12
2021-11-15,73.8
2021-11-16,73.42
2021-11-17,73.09
2021-11-18,72.81
2021-11-19,72.61
2021-11-20,72.46
2021-11-21,72.27
2021-11-22,71.86
2021-11-23,71.38
2021-11-24,70.82
2021-11-25,70.29
2021-11-26,69.78
2021-11-27,69.36
2021-11-28,68.93
2021-11-29,68.34
2021-11-30,67.79
2021-12-01,67.22
2021-12-02,66.64
2021-12-03,66.06
2021-12-04,65.6
2021-12-05,65.14
2021-12-06,64.51
2021-12-07,63.9
2021-12-08,63.29
2021-12-09,62.64
2021-12-10,62.04
2021-12-11,61.55
2021-12-12,61.16
2021-12-13,60.62
2021-12-14,60.12
2021-12-15,59.65
2021-12-16,59.17
2021-12-17,58.69
2021-12-18,58.28
2021-12-19,57.85
2021-12-20,57.17
2021-12-21,56.4
2021-12-22,55.62
2021-12-23,55.01
2021-12-24,54.66
2021-12-25,54.4
2021-12-26,54.06
2021-12-27,53.76
2021-12-28,53.52
2021-12-29,53.43
2021-12-30,53.4
2021-12-31,53.55
2022-01-01,53.77
2022-01-02,53.77
2022-01-03,53.64
2022-01-04,53.39
2022-01-05,53.01
2022-01-06,52.62
2022-01-07,52.1
2022-01-08,51.67
2022-01-09,51.24
2022-01-10,50.51
2022-01-11,49.78
2022-01-12,49.04
2022-01-13,48.33
2022-01-14,47.62
2022-01-15,47.06
2022-01-16,46.57
2022-01-17,45.93
2022-01-18,45.23
2022-01-19,44.61
2022-01-20,43.96
2022-01-21,43.27
2022-01-22,42.69
2022-01-23,42.13
2022-01-24,41.44
2022-01-25,40.71
2022-01-26,40.03
2022-01-27,39.44
2022-01-28,38.88
2022-01-29,38.53
2022-01-30,38.18
2022-01-31,37.63
2022-02-01,37.19
2022-02-02,36.75
2022-02-03,36.34
2022-02-04,36.0
2022-02-05,35.76
2022-02-06,35.54
2022-02-07,35.14
2022-02-08,34.77
2022-02-09,34.43
2022-02-10,34.01
2022-02-11,33.59
2022-02-12,33.25
2022-02-13,32.99
2022-02-14,32.63
2022-02-15,32.27
2022-02-16,31.97
2022-02-17,31.74
2022-02-18,31.5
2022-02-19,31.28
2022-02-20,31.11
2022-02-21,30.78
2022-02-22,30.45
2022-02-23,30.18
2022-02-24,29.93
2022-02-25,29.68
2022-02-26,29.51
2022-02-27,29.35
2022-02-28,29.01
2022-03-01,28.66
2022-03-02,28.33
2022-03-03,28.03
2022-03-04,27.76
2022-03-05,27.57
2022-03-06,27.37
2022-03-07,26.99
2022-03-08,26.67
2022-03-09,26.43
2022-03-10,26.34
2022-03-11,26.24
2022-03-12,26.24
2022-03-13,26.24
2022-03-14,26.06
2022-03-15,25.9
2022-03-16,25.8
2022-03-17,25.71
2022-03-18,25.65
2022-03-19,25.56
2022-03-20,25.76
2022-03-21,25.7
2022-03-22,25.7
2022-03-23,25.74
2022-03-24,25.87
2022-03-25,25.99
2022-03-26,26.23
2022-03-27,26.44
2022-03-28,26.55
2022-03-29,26.65
2022-03-30,26.67
2022-03-31,26.37
2022-04-01,26.54
2022-04-02,26.5
2022-04-03,26.45
2022-04-04,26.36
2022-04-05,26.31
2022-04-06,26.44
2022-04-07,26.58
2022-04-08,26.76
2022-04-09,26.95
2022-04-10,27.16
2022-04-11,27.28
2022-04-12,27.5
2022-04-13,27.77
2022-04-14,28.08
2022-04-15,28.49
2022-04-16,28.92
2022-04-17,29.35
2022-04-18,29.76
2022-04-19,30.05
2022-04-20,30.3
2022-04-21,30.54
2022-04-22,30.87
2022-04-23,31.28
2022-04-24,31.7
2022-04-25,31.97
2022-04-26,32.17
2022-04-27,32.5
2022-04-28,32.77
2022-04-29,33.07
2022-04-30,33.47
2022-05-01,33.86
2022-05-02,34.25
2022-05-03,34.66
2022-05-04,35.05
2022-05-05,35.46
2022-05-06,35.88
2022-05-07,36.4
2022-05-08,36.92
2022-05-09,37.35
2022-05-10,37.77
2022-05-11,38.22
2022-05-12,38.65
2022-05-13,39.2
2022-05-14,39.76
2022-05-15,40.34
2022-05-16,40.77
2022-05-17,41.17
2022-05-18,41.57
2022-05-19,42.01
2022-05-20,42.48
2022-05-21,43.02
2022-05-22,43.55
2022-05-23,43.98
2022-05-24,44.41
2022-05-25,44.86
2022-05-26,45.35
2022-05-27,45.83
2022-05-28,46.32
2022-05-29,46.79
2022-05-30,47.11
2022-05-31,47.4
2022-06-01,47.75
2022-06-02,48.16
2022-06-03,48.58
2022-06-04,49.09
2022-06-05,49.59
2022-06-06,50.05
2022-06-07,50.39
2022-06-08,50.66
2022-06-09,50.89
2022-06-10,51.13
2022-06-11,51.65
2022-06-12,52.17
2022-06-13,52.6
2022-06-14,52.93
2022-06-15,53.26
2022-06-16,53.6
2022-06-17,53.92
2022-06-18,54.36
2022-06-19,54.8
2022-06-20,55.12
2022-06-21,55.27
2022-06-22,55.55
2022-06-23,55.82
2022-06-24,56.14
2022-06-25,56.57
2022-06-26,57.01
2022-06-27,57.3
2022-06-28,57.61
2022-06-29,57.91
2022-06-30,58.19
2022-07-01,58.55
2022-07-02,58.98
2022-07-03,59.44
2022-07-04,59.8
2022-07-05,60.16
2022-07-06,60.52
2022-07-07,60.87
2022-07-08,61.22
2022-07-09,61.7
2022-07-10,62.17
2022-07-11,62.41
2022-07-12,62.67
2022-07-13,62.95
2022-07-14,63.26
2022-07-15,63.59
2022-07-16,64.02
2022-07-17,64.42
2022-07-18,64.72
2022-07-19,64.97
2022-07-20,65.22
2022-07-21,65.5
2022-07-22,65.84
2022-07-23,66.27
2022-07-24,66.73
2022-07-25,67.12
2022-07-26,67.48
2022-07-27,67.83
2022-07-28,68.18
2022-07-29,68.51
2022-07-30,68.93
2022-07-31,69.31
2022-08-01,70.16
2022-08-02,70.55
2022-08-03,70.91
2022-08-04,71.2
2022-08-05,71.1
2022-08-06,71.55
2022-08-07,72.02
2022-08-08,72.4
2022-08-09,72.79
2022-08-10,73.2
2022-08-11,73.57
2022-08-12,73.94
2022-08-13,74.39
2022-08-14,74.83
2022-08-15,75.21
2022-08-16,75.57
2022-08-17,75.89
2022-08-18,76.19
2022-08-19,76.57
2022-08-20,77.01
2022-08-21,77.44
2022-08-22,77.76
2022-08-23,78.07
2022-08-24,78.36
2022-08-25,78.7
2022-08-26,79.02
2022-08-27,79.4
2022-08-28,79.8
2022-08-29,80.08
2022-08-30,80.35
2022-08-31,80.47
2022-09-01,80.75
2022-09-02,81.05
2022-09-03,81.45
2022-09-04,81.86
2022-09-05,82.17
2022-09-06,82.46
2022-09-07,82.69
2022-09-08,82.99
2022-09-09,83.29
2022-09-10,83.63
2022-09-11,83.99
2022-09-12,84.24
2022-09-13,84.49
2022-09-14,84.72
2022-09-15,84.97
2022-09-16,85.3
2022-09-17,85.67
2022-09-18,86.03
2022-09-19,86.25
2022-09-20,86.47
2022-09-21,86.68
2022-09-22,86.9
2022-09-23,87.13
2022-09-24,87.44
2022-09-25,87.76
2022-09-26,87.98
2022-09-27,88.18
2022-09-28,88.26
2022-09-29,88.53
2022-09-30,88.73
2022-10-01,89.06
2022-10-02,89.4
2022-10-03,89.66
2022-10-04,89.88
2022-10-05,90.12
2022-10-06,90.38
2022-10-07,90.55
2022-10-08,90.87
2022-10-09,91.16
2022-10-10,91.38
2022-10-11,91.52
2022-10-12,91.65
2022-10-13,91.76
2022-10-14,91.87
2022-10-15,92.16
2022-10-16,92.44
2022-10-17,92.65
2022-10-18,92.81
2022-10-19,92.94
2022-10-20,93.09
2022-10-21,93.21
2022-10-22,93.42
2022-10-23,93.64
2022-10-24,93.83
2022-10-25,93.87
2022-10-26,93.96
2022-10-27,94.1
2022-10-28,94.27
2022-10-29,94.38
2022-10-30,94.72
2022-10-31,94.79
2022-11-01,94.96
2022-11-02,95.05
2022-11-03,95.06
2022-11-04,95.1
2022-11-05,95.12
2022-11-06,95.24
2022-11-07,95.29
2022-11-08,95.34
2022-11-09,95.4
2022-11-10,95.46
2022-11-11,95.51
2022-11-12,95.59
2022-11-13,95.69
2022-11-14,95.62
2022-11-15,95.5
2022-11-16,95.44
2022-11-17,95.38
2022-11-18,95.27
2022-11-19,95.18
2022-11-20,95.07
2022-11-21,94.86
2022-11-22,94.63
2022-11-23,94.42
2022-11-24,94.24
2022-11-25,94.07
2022-11-26,94.0
2022-11-27,93.95
2022-11-28,93.65
2022-11-29,93.24
2022-11-30,92.83
2022-12-01,92.36
2022-12-02,91.9
2022-12-03,91.6
2022-12-04,91.31
2022-12-05,90.89
2022-12-06,90.44
2022-12-07,89.96
2022-12-08,89.45
2022-12-09,88.96
2022-12-10,88.53
2022-12-11,88.06
2022-12-12,87.36
2022-12-13,86.59
2022-12-14,85.88
2022-12-15,85.21
2022-12-16,84.63
2022-12-17,84.21
2022-12-18,83.85
2022-12-19,83.48
2022-12-20,83.21
2022-12-21,83.06
2022-12-22,82.97
2022-12-23,82.93
2022-12-24,83.01
2022-12-25,83.13
2022-12-26,83.23
2022-12-27,83.21
2022-12-28,83.21
2022-12-29,83.24
2022-12-30,83.29
2022-12-31,83.38
2023-01-01,83.53
2023-01-02,83.52
2023-01-03,83.44
2023-01-04,83.37
2023-01-05,83.24
2023-01-06,83.19
2023-01-07,83.15
2023-01-08,83.08
2023-01-09,82.86
2023-01-10,82.62
2023-01-11,82.36
2023-01-12,82.15
2023-01-13,81.91
2023-01-14,81.73
2023-01-15,81.52
2023-01-16,81.1
2023-01-17,80.62
2023-01-18,80.06
2023-01-19,79.47
2023-01-20,78.85
2023-01-21,78.32
2023-01-22,77.77
2023-01-23,77.01
2023-01-24,76.29
2023-01-25,75.61
2023-01-26,74.96
2023-01-27,74.26
2023-01-28,73.68
2023-01-29,73.16
2023-01-30,72.58
2023-01-31,72.1
2023-02-01,71.62
2023-02-02,71.17
2023-02-03,70.79
2023-02-04,70.48
2023-02-05,70.17
2023-02-06,69.51
2023-02-07,68.86
2023-02-08,68.21
2023-02-09,67.53
2023-02-10,66.95
2023-02-11,66.52
2023-02-12,66.16
2023-02-13,65.71
2023-02-14,65.27
2023-02-15,64.85
2023-02-16,64.51
2023-02-17,64.26
2023-02-18,64.15
2023-02-19,64.02
2023-02-20,63.78
2023-02-21,63.48
2023-02-22,63.19
2023-02-23,62.92
2023-02-24,62.64
2023-02-25,62.4
2023-02-26,62.16
2023-02-27,61.55
2023-02-28,61.03
2023-03-01,60.6
2023-03-02,60.12
2023-03-03,59.68
2023-03-04,59.48
2023-03-05,58.93
2023-03-06,58.52
2023-03-07,58.01
2023-03-08,57.51
2023-03-09,57.14
2023-03-10,56.84
2023-03-11,56.61
2023-03-12,56.46
2023-03-13,56.36
2023-03-14,56.2
2023-03-15,55.94
2023-03-16,55.74
2023-03-17,55.65
2023-03-18,55.7
2023-03-19,55.73
2023-03-20,55.61
2023-03-21,55.57
2023-03-22,55.6
2023-03-23,55.66
2023-03-24,55.79
2023-03-25,55.99
2023-03-26,56.0
2023-03-27,55.86
2023-03-28,55.65
2023-03-29,55.57
2023-03-30,55.61
2023-03-31,55.8
2023-04-01,55.82
2023-04-02,55.88
2023-04-03,55.81
2023-04-04,55.69
2023-04-05,55.56
2023-04-06,55.48
2023-04-07,55.41
2023-04-08,55.52
2023-04-09,55.71
2023-04-10,55.92
2023-04-11,56.05
2023-04-12,56.13
2023-04-13,56.21
2023-04-14,56.21
2023-04-15,56.32
2023-04-16,56.53
2023-04-17,56.65
2023-04-18,56.79
2023-04-19,56.95
2023-04-20,57.1
2023-04-21,57.26
2023-04-22,57.58
2023-04-23,57.94
2023-04-24,58.22
2023-04-25,58.45
2023-04-26,58.54
2023-04-27,58.72
2023-04-28,58.95
2023-04-29,59.29
2023-04-30,59.73
2023-05-01,60.05
2023-05-02,60.27
2023-05-03,60.5
2023-05-04,60.7
2023-05-05,61.0
2023-05-06,61.35
2023-05-07,61.71
2023-05-08,62.0
2023-05-09,62.21
2023-05-10,62.43
2023-05-11,62.64
2023-05-12,62.91
2023-05-13,63.31
2023-05-14,63.71
2023-05-15,63.9
2023-05-16,64.25
2023-05-17,64.53
2023-05-18,64.82
2023-05-19,65.04
2023-05-20,65.46
2023-05-21,65.89
2023-05-22,66.16
2023-05-23,66.42
2023-05-24,66.64
2023-05-25,66.89
2023-05-26,67.21
2023-05-27,67.61
2023-05-28,67.98
2023-05-29,68.3
2023-05-30,68.56
2023-05-31,68.83
2023-06-01,69.05
2023-06-02,69.43
2023-06-03,69.78
2023-06-04,70.13
2023-06-05,70.36
2023-06-06,70.56
2023-06-07,70.75
2023-06-08,71.02
2023-06-09,71.33
2023-06-10,71.7
2023-06-11,72.08
2023-06-12,72.37
2023-06-13,72.67
2023-06-14,72.94
2023-06-15,73.19
2023-06-16,73.47
2023-06-17,73.8
2023-06-18,74.19
2023-06-19,74.45
2023-06-20,74.73
2023-06-21,74.83
2023-06-22,74.98
2023-06-23,75.22
2023-06-24,75.58
2023-06-25,75.93
2023-06-26,76.21
2023-06-27,76.42
2023-06-28,76.62
2023-06-29,76.82
2023-06-30,77.08
2023-07-01,77.3
2023-07-02,77.65
2023-07-03,77.9
2023-07-04,78.11
2023-07-05,78.39
2023-07-06,78.64
2023-07-07,78.93
2023-07-08,79.29
2023-07-09,79.64
2023-07-10,79.91
2023-07-11,80.14
2023-07-12,80.31
2023-07-13,80.55
2023-07-14,80.83
2023-07-15,81.21
2023-07-16,81.59
2023-07-17,81.88
2023-07-18,82.11
2023-07-19,82.33
2023-07-20,82.54
2023-07-21,82.8
2023-07-22,83.15
2023-07-23,83.51
2023-07-24,83.77
2023-07-25,84.02
2023-07-26,84.29
2023-07-27,84.55
2023-07-28,84.8
2023-07-29,85.18
2023-07-30,85.56
2023-07-31,85.86
2023-08-01,85.75
2023-08-02,86.03
2023-08-03,86.29
2023-08-04,86.51
2023-08-05,86.82
2023-08-06,87.14
2023-08-07,87.44
2023-08-08,87.73
2023-08-09,88.01
2023-08-10,88.28
2023-08-11,88.57
2023-08-12,88.94
2023-08-13,89.3
2023-08-14,89.59
2023-08-15,89.73
2023-08-16,90.0
2023-08-17,90.29
2023-08-18,90.59
2023-08-19,90.9
2023-08-20,91.2
2023-08-21,91.41
2023-08-22,91.48
2023-08-23,91.71
2023-08-24,91.82
2023-08-25,91.97
2023-08-26,92.16
2023-08-27,92.38
2023-08-28,92.5
2023-08-29,92.55
2023-08-30,92.65
2023-08-31,92.8
2023-09-01,92.73
2023-09-02,92.76
2023-09-03,92.95
2023-09-04,93.06
2023-09-05,93.15
2023-09-06,93.2
2023-09-07,93.25
2023-09-08,93.31
2023-09-09,93.43
2023-09-10,93.54
2023-09-11,93.57
2023-09-12,93.57
2023-09-13,93.58
2023-09-14,93.59
2023-09-15,93.65
2023-09-16,93.74
2023-09-17,93.87
2023-09-18,93.96
2023-09-19,94.06
2023-09-20,94.11
2023-09-21,94.2
2023-09-22,94.32
2023-09-23,94.49
2023-09-24,94.68
2023-09-25,94.8
2023-09-26,94.9
2023-09-27,95.03
2023-09-28,95.15
2023-09-29,95.28
2023-09-30,95.5
2023-10-01,95.87
2023-10-02,96.02
2023-10-03,96.2
2023-10-04,96.34
2023-10-05,96.41
2023-10-06,96.56
2023-10-07,96.73
2023-10-08,96.88
2023-10-09,96.96
2023-10-10,97.04
2023-10-11,97.19
2023-10-12,97.33
2023-10-13,97.54
2023-10-14,97.76
2023-10-15,97.92
2023-10-16,97.94
2023-10-17,97.95
2023-10-18,97.97
2023-10-19,98.02
2023-10-20,98.11
2023-10-21,98.27
2023-10-22,98.43
2023-10-23,98.47
2023-10-24,98.53
2023-10-25,98.83
2023-10-26,98.61
2023-10-27,98.66
2023-10-28,98.84
2023-10-29,99.01
2023-10-30,99.1
2023-10-31,99.19
2023-11-01,99.29
2023-11-02,99.37
2023-11-03,99.38
2023-11-04,99.43
2023-11-05,99.5
2023-11-06,99.5
2023-11-07,99.48
2023-11-08,99.44
2023-11-09,99.4
2023-11-10,99.35
2023-11-11,99.37
2023-11-12,99.37
2023-11-13,99.29
2023-11-14,99.27
2023-11-15,99.23
2023-11-16,99.07
2023-11-17,98.91
2023-11-18,98.84
2023-11-19,98.87
2023-11-20,98.75
2023-11-21,98.56
2023-11-22,98.27
2023-11-23,98.04
2023-11-24,97.79
2023-11-25,97.56
2023-11-26,97.29
2023-11-27,96.86
2023-11-28,96.37
2023-11-29,95.78
2023-11-30,95.21
2023-12-01,94.68
2023-12-02,94.2
2023-12-03,93.77
2023-12-04,93.17
2023-12-05,92.6
2023-12-06,92.01
2023-12-07,91.48
2023-12-08,91.06
2023-12-09,90.8
2023-12-10,90.61
2023-12-11,90.29
2023-12-12,89.95
2023-12-13,89.6
2023-12-14,89.22
2023-12-15,88.89
2023-12-16,88.74
2023-12-17,88.56
2023-12-18,88.2
2023-12-19,87.82
2023-12-20,87.5
2023-12-21,87.25
2023-12-22,87.08
2023-12-23,86.96
2023-12-24,86.91
2023-12-25,86.9
2023-12-26,86.83
2023-12-27,86.69
2023-12-28,86.58
2023-12-29,86.47
2023-12-30,86.38
2023-12-31,86.27
2024-01-01,86.12
2024-01-02,85.9
2024-01-03,85.68
2024-01-04,85.34
2024-01-05,84.96
2024-01-06,84.59
2024-01-07,84.14
2024-01-08,83.35
2024-01-09,82.51
2024-01-10,81.64
2024-01-11,80.8
2024-01-12,80.05
2024-01-13,79.45
2024-01-14,78.9
2024-01-15,78.21
2024-01-16,77.46
2024-01-17,76.73
2024-01-18,76.06
2024-01-19,75.38
2024-01-20,74.82
2024-01-21,74.3
2024-01-22,73.78
2024-01-23,73.31
2024-01-24,72.92
2024-01-25,72.52
2024-01-26,72.15
2024-01-27,71.79
2024-01-28,71.43
2024-01-29,70.95
2024-01-30,70.49
2024-01-31,70.06
2024-02-01,69.62
2024-02-02,69.25
2024-02-03,69.03
2024-02-04,68.82
2024-02-05,68.49
2024-02-06,68.17
2024-02-07,67.76
2024-02-08,67.37
2024-02-09,67.11
2024-02-10,66.94
2024-02-11,66.96
2024-02-12,66.41
2024-02-13,66.06
2024-02-14,65.79
2024-02-15,65.57
2024-02-16,65.39
2024-02-17,65.28
2024-02-18,65.17
2024-02-19,64.97
2024-02-20,64.76
2024-02-21,64.54
2024-02-22,64.33
2024-02-23,64.06
2024-02-24,63.86
2024-02-25,63.7
2024-02-26,63.38
2024-02-27,63.03
2024-02-28,62.68
2024-02-29,62.42
2024-03-01,62.23
2024-03-02,62.14
2024-03-03,62.08
2024-03-04,61.85
2024-03-05,61.58
2024-03-06,61.27
2024-03-07,60.98
2024-03-08,60.75
2024-03-09,60.64
2024-03-10,60.56
2024-03-11,60.32
2024-03-12,60.07
2024-03-13,59.86
2024-03-14,59.84
2024-03-15,59.72
2024-03-16,59.69
2024-03-17,59.65
2024-03-18,59.51
2024-03-19,59.37
2024-03-20,59.26
2024-03-21,59.19
2024-03-22,59.17
2024-03-23,59.18
2024-03-24,59.16
2024-03-25,58.99
2024-03-26,58.89
2024-03-27,58.79
2024-03-28,58.69
2024-03-29,58.69
2024-03-30,58.72
2024-03-31,58.48
2024-04-01,59.22
2024-04-02,59.35
2024-04-03,59.4
2024-04-04,59.44
2024-04-05,59.6
2024-04-06,60.16
2024-04-07,60.42
2024-04-08,60.72
2024-04-09,60.64
2024-04-10,60.77
2024-04-11,61.2
2024-04-12,61.45
2024-04-13,61.8
2024-04-14,62.13
2024-04-15,62.32
2024-04-16,62.18
2024-04-17,62.17
2024-04-18,62.15
2024-04-19,62.13
2024-04-20,62.18
2024-04-21,62.24
2024-04-22,62.12
2024-04-23,61.98
2024-04-24,61.85
2024-04-25,61.74
2024-04-26,61.7
2024-04-27,61.84
2024-04-28,62.04
2024-04-29,62.21
2024-04-30,62.44
2024-05-01,62.69
2024-05-02,62.88
2024-05-03,63.08
2024-05-04,63.32
2024-05-05,63.51
2024-05-06,63.7
2024-05-07,63.83
2024-05-08,63.93
2024-05-09,64.19
2024-05-10,64.46
2024-05-11,64.82
2024-05-12,65.19
2024-05-13,65.49
2024-05-14,65.79
2024-05-15,66.06
2024-05-16,66.29
2024-05-17,66.54
2024-05-18,66.83
2024-05-19,67.14
2024-05-20,67.39
2024-05-21,67.53
2024-05-22,67.73
2024-05-23,67.96
2024-05-24,68.19
2024-05-25,68.48
2024-05-26,68.82
2024-05-27,69.06
2024-05-28,69.27
2024-05-29,69.48
2024-05-30,69.7
2024-05-31,69.98
2024-06-01,70.12
2024-06-02,70.39
2024-06-03,70.56
2024-06-04,70.71
2024-06-05,70.89
2024-06-06,71.11
2024-06-07,71.33
2024-06-08,71.61
2024-06-09,71.9
2024-06-10,72.14
2024-06-11,72.32
2024-06-12,72.5
2024-06-13,72.7
2024-06-14,72.98
2024-06-15,73.26
2024-06-16,73.4
2024-06-17,73.85
2024-06-18,74.09
2024-06-19,74.34
2024-06-20,74.56
2024-06-21,74.79
2024-06-22,75.13
2024-06-23,75.47
2024-06-24,75.72
2024-06-25,75.97
2024-06-26,76.23
2024-06-27,76.45
2024-06-28,76.75
2024-06-29,77.08
2024-06-30,77.42
2024-07-01,77.66
2024-07-02,77.91
2024-07-03,78.16
2024-07-04,78.43
2024-07-05,78.71
2024-07-06,78.99
2024-07-07,79.3
2024-07-08,79.58
2024-07-09,79.85
2024-07-10,80.09
2024-07-11,80.32
2024-07-12,80.55
2024-07-13,80.83
2024-07-14,81.12
2024-07-15,81.36
2024-07-16,81.59
2024-07-17,81.81
2024-07-18,82.01
2024-07-19,82.26
2024-07-20,82.57
2024-07-21,82.89
2024-07-22,83.13
2024-07-23,83.34
2024-07-24,83.49
2024-07-25,83.66
2024-07-26,83.89
2024-07-27,84.17
2024-07-28,84.47
2024-07-29,84.69
2024-07-30,84.9
2024-07-31,85.11
2024-08-01,85.2
2024-08-02,85.42
2024-08-03,85.71
2024-08-04,86.01
2024-08-05,86.24
2024-08-06,86.41
2024-08-07,86.63
2024-08-08,86.84
2024-08-09,87.09
2024-08-10,87.36
2024-08-11,87.71
2024-08-12,87.91
2024-08-13,88.17
2024-08-14,88.41
2024-08-15,88.72
2024-08-16,89.02
2024-08-17,89.36
2024-08-18,89.71
2024-08-19,89.97
2024-08-20,90.22
2024-08-21,90.48
2024-08-22,90.72
2024-08-23,90.99
2024-08-24,91.29
2024-08-25,91.6
2024-08-26,91.77
2024-08-27,91.96
2024-08-28,91.92
2024-08-29,92.04
2024-08-30,92.18
2024-08-31,92.39
2024-09-01,92.36
2024-09-02,92.47
2024-09-03,92.53
2024-09-04,92.57
2024-09-05,92.64
2024-09-06,92.73
2024-09-07,92.82
2024-09-08,92.95
2024-09-09,93.04
2024-09-10,93.15
2024-09-11,93.2
2024-09-12,93.2
2024-09-13,93.22
2024-09-14,93.28
2024-09-15,93.36
2024-09-16,93.38
2024-09-17,93.38
2024-09-18,93.43
2024-09-19,93.49
2024-09-20,93.56
2024-09-21,93.69
2024-09-22,93.81
2024-09-23,93.84
2024-09-24,93.9
2024-09-25,93.97
2024-09-26,94.0
2024-09-27,94.08
2024-09-28,94.2
2024-09-29,94.32
2024-09-30,94.35
2024-10-01,94.31
2024-10-02,94.28
2024-10-03,94.29
2024-10-04,94.32
2024-10-05,94.41
2024-10-06,94.52
2024-10-07,94.56
2024-10-08,94.65
2024-10-09,94.76
2024-10-10,94.83
2024-10-11,94.89
2024-10-12,94.97
2024-10-13,95.06
2024-10-14,95.01
2024-10-15,95.0
2024-10-16,95.04
2024-10-17,95.08
2024-10-18,95.1
2024-10-19,95.2
2024-10-20,95.31
2024-10-21,95.32
2024-10-22,95.31
2024-10-23,95.26
2024-10-24,95.21
2024-10-25,95.21
2024-10-26,95.27
2024-10-27,95.31
2024-10-28,95.31
2024-10-29,95.21
2024-10-30,95.21
2024-10-31,95.17
2024-11-01,95.21
2024-11-02,95.22
2024-11-03,95.2
2024-11-04,95.0
2024-11-05,94.74
2024-11-06,94.41
2024-11-07,94.06
2024-11-08,93.76
2024-11-09,93.53
2024-11-10,93.33
2024-11-11,93.04
2024-11-12,92.58
2024-11-13,92.1
2024-11-14,91.66
2024-11-15,91.27
2024-11-16,91.0
2024-11-17,90.74
2024-11-18,90.31
2024-11-19,89.86
2024-11-20,89.41
2024-11-21,88.84
2024-11-22,88.29
2024-11-23,87.9
2024-11-24,87.7
2024-11-25,87.42
2024-11-26,87.05
2024-11-27,86.64
2024-11-28,86.21
2024-11-29,85.74
2024-11-30,85.41
2024-12-01,85.08
2024-12-02,84.65
2024-12-03,84.15
2024-12-04,83.6
2024-12-05,83.11
2024-12-06,82.69
2024-12-07,82.36
2024-12-08,82.04
2024-12-09,81.54
2024-12-10,80.89
2024-12-11,80.16
2024-12-12,79.44
2024-12-13,78.76
2024-12-14,78.28
2024-12-15,77.91
2024-12-16,77.5
2024-12-17,77.1
2024-12-18,76.73
2024-12-19,76.46
2024-12-20,76.11
2024-12-21,75.88
2024-12-22,75.64
2024-12-23,75.3
2024-12-24,74.99
2024-12-25,74.77
2024-12-26,74.46
2024-12-27,74.0
2024-12-28,73.53
2024-12-29,73.09
2024-12-30,72.49
2024-12-31,72.16
2025-01-01,71.81
2025-01-02,71.33
2025-01-03,70.75
2025-01-04,70.18
2025-01-05,69.72
2025-01-06,69.32
2025-01-07,68.83
2025-01-08,68.24
2025-01-09,67.64
2025-01-10,66.9
2025-01-11,66.4
2025-01-12,65.77
2025-01-13,64.98
2025-01-14,64.15
2025-01-15,63.35
2025-01-16,62.56
2025-01-17,61.72
2025-01-18,60.97
2025-01-19,60.21
2025-01-20,59.33
2025-01-21,58.39
2025-01-22,57.6
2025-01-23,57.02
2025-01-24,56.53
2025-01-25,56.18
2025-01-26,55.72
2025-01-27,55.43
2025-01-28,55.05
2025-01-29,54.65
2025-01-30,54.14
2025-01-31,53.59
2025-02-01,53.13
2025-02-02,52.55
2025-02-03,51.97
2025-02-04,51.21
2025-02-05,50.62
2025-02-06,49.97
2025-02-07,49.41
2025-02-08,48.92
2025-02-09,48.38
2025-02-10,47.88
2025-02-11,47.24
2025-02-12,46.49
2025-02-13,45.9
2025-02-14,45.2
2025-02-15,44.62
2025-02-16,44.06
2025-02-17,43.33
2025-02-18,42.59
2025-02-19,41.86
2025-02-20,41.32
2025-02-21,40.95
2025-02-22,40.7
2025-02-23,40.51
2025-02-24,40.22
2025-02-25,39.85
2025-02-26,39.47
2025-02-27,39.05
2025-02-28,38.18
2025-03-01,38.16
2025-03-02,37.91
2025-03-03,37.56
2025-03-04,37.25
2025-03-05,37.0
2025-03-06,36.81
2025-03-07,36.66
2025-03-08,36.63
2025-03-09,36.6
2025-03-10,36.42
2025-03-11,36.16
2025-03-12,35.83
2025-03-13,35.47
2025-03-14,35.16
2025-03-15,34.96
2025-03-16,34.78
2025-03-17,34.47
2025-03-18,34.19
2025-03-19,33.96
2025-03-20,33.81
2025-03-21,33.78
2025-03-22,33.84
2025-03-23,33.87
2025-03-24,33.76
2025-03-25,33.65
2025-03-26,33.56
2025-03-27,33.51
2025-03-28,33.51
2025-03-29,33.59
2025-03-30,33.67
2025-03-31,33.8
2025-04-01,34.3
2025-04-02,34.4
2025-04-03,34.47
2025-04-04,34.61
2025-04-05,34.81
2025-04-06,35.02
2025-04-07,35.0
2025-04-08,34.98
2025-04-09,34.99
2025-04-10,35.03
2025-04-11,35.12
2025-04-12,35.36
2025-04-13,35.63
2025-04-14,35.81
2025-04-15,35.98
2025-04-16,36.11
2025-04-17,36.26
2025-04-18,36.46
2025-04-19,36.75
2025-04-20,37.05
2025-04-21,37.33
2025-04-22,37.54
2025-04-23,37.74
2025-04-24,37.92
2025-04-25,38.14
2025-04-26,38.42
2025-04-27,38.7
2025-04-28,38.96
2025-04-29,39.23
2025-04-30,39.53
2025-05-01,39.9
2025-05-02,40.3
2025-05-03,40.74
2025-05-04,41.14
2025-05-05,41.4
2025-05-06,41.59
2025-05-07,41.79
2025-05-08,41.92
2025-05-09,42.16
2025-05-10,42.47
2025-05-11,42.83
2025-05-12,43.1
2025-05-13,43.36
2025-05-14,43.64
2025-05-15,43.88
2025-05-16,44.13
2025-05-17,44.43
2025-05-18,44.71
2025-05-19,44.93
2025-05-20,45.16
2025-05-21,45.29
2025-05-22,45.47
2025-05-23,45.69
2025-05-24,45.95
2025-05-25,46.31
2025-05-26,46.6
2025-05-27,46.88
2025-05-28,47.17
2025-05-29,47.53
2025-05-30,47.89
2025-05-31,48.34
2025-06-01,48.88
2025-06-02,49.22
2025-06-03,49.55
2025-06-04,49.89
2025-06-05,50.17
2025-06-06,50.53
2025-06-07,50.97
2025-06-08,51.4
2025-06-09,51.79
2025-06-10,52.12
2025-06-11,52.44
2025-06-12,52.75
2025-06-13,53.02
2025-06-14,53.4
2025-06-15,53.78
2025-06-16,54.07
2025-06-17,54.38
2025-06-18,54.72
2025-06-19,55.06
2025-06-20,55.4
2025-06-21,55.81
2025-06-22,56.23
2025-06-23,56.59
2025-06-24,56.91
2025-06-25,57.17
2025-06-26,57.42
2025-06-27,57.77
2025-06-28,58.18
2025-06-29,58.59
2025-06-30,58.9
2025-07-01,59.15
2025-07-02,59.44
2025-07-03,59.69
2025-07-04,59.98
2025-07-05,60.3
2025-07-06,60.65
2025-07-07,60.94
2025-07-08,61.59
2025-07-09,61.56
2025-07-10,61.92
2025-07-11,62.23
2025-07-12,62.63
2025-07-13,63.02
2025-07-14,63.32
2025-07-15,63.61
2025-07-16,63.82
2025-07-17,64.05
2025-07-18,64.34
2025-07-19,64.7
2025-07-20,65.08
2025-07-21,65.36
2025-07-22,65.65
2025-07-23,65.94
2025-07-24,66.19
2025-07-25,66.47
2025-07-26,66.83
2025-07-27,67.28
2025-07-28,67.59
2025-07-29,67.94
2025-07-30,68.28
2025-07-31,68.58
2025-08-01,68.85
2025-08-02,69.24
2025-08-03,69.62
2025-08-04,69.96
2025-08-05,70.3
2025-08-06,70.62
2025-08-07,70.93
2025-08-08,71.25
2025-08-09,71.57
2025-08-10,72.01
2025-08-11,72.31
2025-08-12,72.54
2025-08-13,72.74
2025-08-14,72.99
2025-08-15,73.31
2025-08-16,73.63
2025-08-17,73.95
2025-08-18,74.24
2025-08-19,74.53
2025-08-20,74.8
2025-08-21,75.08
2025-08-22,75.35
2025-08-23,75.67
2025-08-24,75.99
2025-08-25,76.24
2025-08-26,76.46
2025-08-27,76.64
2025-08-28,76.85
2025-08-29,77.09
2025-08-30,77.38
2025-08-31,77.65
2025-09-01,78.1
2025-09-02,78.29
2025-09-03,78.51
2025-09-04,78.74
2025-09-05,78.95
2025-09-06,79.2
2025-09-07,79.48
2025-09-08,79.63
2025-09-09,79.73
2025-09-10,79.86
2025-09-11,79.98
2025-09-12,80.12
2025-09-13,80.35
2025-09-14,80.6
2025-09-15,80.83
2025-09-16,80.97
2025-09-17,81.09
2025-09-18,81.23
2025-09-19,81.38
2025-09-20,81.61
2025-09-21,81.85
2025-09-22,81.96
2025-09-23,82.0
2025-09-24,82.03
2025-09-25,82.09
2025-09-26,82.17
2025-09-27,82.34
2025-09-28,82.5
2025-09-29,82.59
2025-09-30,82.5
2025-10-01,82.59
2025-10-02,82.55
2025-10-03,82.61
2025-10-04,82.75
2025-10-05,82.88
2025-10-06,82.89
2025-10-07,82.86
2025-10-08,82.83
2025-10-09,82.82
2025-10-10,82.88
2025-10-11,83.03
2025-10-12,83.15
2025-10-13,83.09
2025-10-14,83.04
2025-10-15,82.93
2025-10-16,82.81
2025-10-17,82.75
2025-10-18,82.78
2025-10-19,82.84
2025-10-20,82.82
2025-10-21,82.82
2025-10-22,82.82
2025-10-23,82.86
2025-10-24,82.86
2025-10-25,82.79
2025-10-26,82.91
2025-10-27,82.86
2025-10-28,82.83
2025-10-29,82.79
2025-10-30,82.8
2025-10-31,82.82
2025-11-01,82.81
2025-11-02,82.9
2025-11-03,83.02
2025-11-04,83.02
2025-11-05,82.97
2025-11-06,82.83
2025-11-07,82.68
2025-11-08,82.61
2025-11-09,82.55
2025-11-10,82.39
2025-11-11,82.3
2025-11-12,82.22
2025-11-13,82.11
2025-11-14,82.03
2025-11-15,81.98
2025-11-16,81.89
2025-11-17,81.62
2025-11-18,81.16
2025-11-19,80.7
2025-11-20,80.14
2025-11-21,79.54
2025-11-22,79.07
2025-11-23,78.63
2025-11-24,78.08
2025-11-25,77.52
2025-11-26,76.93
2025-11-27,76.4
2025-11-28,75.94
2025-11-29,75.62
2025-11-30,75.21
2025-12-01,74.79
2025-12-02,74.26
2025-12-03,73.66
2025-12-04,73.12
2025-12-05,72.57
2025-12-06,72.26
2025-12-07,72.04
2025-12-08,71.79
2025-12-09,71.52
2025-12-10,71.23
2025-12-11,70.84
2025-12-12,70.39
2025-12-13,70.04
2025-12-14,69.73
2025-12-15,69.25
2025-12-16,68.64
2025-12-17,68.15
2025-12-18,67.86
2025-12-19,67.51
2025-12-20,67.16
2025-12-21,66.89
2025-12-22,66.48
2025-12-23,66.08
2025-12-24,65.67
2025-12-25,65.15
2025-12-26,64.6
2025-12-27,64.15
2025-12-28,63.7
2025-12-29,63.12
2025-12-30,62.53
2025-12-31,61.96
2026-01-01,61.5
2026-01-02,60.96
2026-01-03,60.4
2026-01-04,59.73
2026-01-05,58.88
2026-01-06,58.03
2026-01-07,57.13
2026-01-08,56.24
2026-01-09,55.48
2026-01-10,54.72
2026-01-11,53.96
2026-01-12,53.18
2026-01-13,52.48
2026-01-14,51.87
2026-01-15,51.32
2026-01-16,50.82
2026-01-17,50.32
2026-01-18,49.81
2026-01-19,49.08
2026-01-20,48.3
2026-01-21,47.57
2026-01-22,46.82
2026-01-23,46.1
2026-01-24,45.51
2026-01-25,44.91
2026-01-26,44.19
2026-01-27,43.53
2026-01-28,42.85
2026-01-29,42.15
2026-01-30,41.54
2026-01-31,41.02
2026-02-01,40.53
2026-02-02,39.87
2026-02-03,39.18
2026-02-04,38.5
2026-02-05,37.89
2026-02-06,37.37
2026-02-07,37.04
2026-02-08,36.67
2026-02-09,36.12
2026-02-10,35.62
2026-02-11,35.2
2026-02-12,34.8
2026-02-13,34.37
2026-02-14,33.95
2026-02-15,33.53
2026-02-16,33.02
2026-02-17,32.5
2026-02-18,31.97
2026-02-19,31.46
2026-02-20,31.07
2026-02-21,30.86
2026-02-22,30.79
2026-02-23,30.6
2026-02-24,30.35
2026-02-25,30.19
2026-02-26,30.09
2026-02-27,30.05
2026-02-28,29.98
2026-03-01,29.97
2026-03-02,29.89
2026-03-03,29.75
2026-03-04,29.59
2026-03-05,29.52
2026-03-06,29.42
2026-03-07,29.4
2026-03-08,29.4
2026-03-09,29.3
2026-03-10,29.27
2026-03-11,29.24
2026-03-12,29.17
2026-03-13,29.1
2026-03-14,29.06
2026-03-15,29.04
2026-03-16,28.97
2026-03-17,28.82
2026-03-18,28.69
2026-03-19,28.58
2026-03-20,28.51
2026-03-21,28.49
2026-03-22,28.48
2026-03-23,28.42
2026-03-24,28.45
2026-03-25,28.44
2026-03-26,28.29
2026-03-27,28.15
2026-03-28,28.13
2026-03-29,28.1
2026-03-30,27.98
2026-03-31,27.62
2026-04-01,27.89
2026-04-02,27.88
2026-04-03,27.93
2026-04-04,28.15
2026-04-05,28.38
2026-04-06,28.58
2026-04-07,28.74
2026-04-08,28.89
2026-04-09,29.01
2026-04-10,29.14
2026-04-11,29.36
2026-04-12,29.5
2026-04-13,29.52
2026-04-14,29.51
2026-04-15,29.55
2026-04-16,29.7
2026-04-17,29.92
2026-04-18,30.2
2026-04-19,30.46
2026-04-20,30.61
2026-04-21,30.71
2026-04-22,30.82
2026-04-23,30.95
2026-04-24,31.19
2026-04-25,31.47
2026-04-26,31.75
2026-04-27,31.97
2026-04-28,32.23
2026-04-29,32.49
2026-04-30,32.73
2026-05-01,33.06
2026-05-02,33.43
2026-05-03,33.78
2026-05-04,34.05
2026-05-05,34.24
2026-05-06,34.38
2026-05-07,34.5
2026-05-08,34.73
2026-05-09,35.04
2026-05-10,35.35
2026-05-11,35.56
2026-05-12,35.71
2026-05-13,35.83
2026-05-14,35.98
2026-05-15,36.14
2026-05-16,36.34
2026-05-17,36.56
2026-05-18,36.72
2026-05-19,36.87
2026-05-20,36.99
2026-05-21,37.18
2026-05-22,37.45
2026-05-23,37.83
2026-05-24,38.21
2026-05-25,38.52
2026-05-26,38.83
2026-05-27,39.13
2026-05-28,39.42
2026-05-29,39.73
2026-05-30,40.09
2026-05-31,40.47
2026-06-01,40.76
2026-06-02,41.03
2026-06-03,41.25
2026-06-04,41.53
2026-06-05,41.79
2026-06-06,42.13
2026-06-07,42.48
2026-06-08,42.79
2026-06-09,43.09
2026-06-10,43.36
2026-06-11,43.59
2026-06-12,43.91
2026-06-13,44.34
2026-06-14,44.72
2026-06-15,45.03
2026-06-16,45.29
2026-06-17,45.56
2026-06-18,45.82
2026-06-19,46.1
2026-06-20,46.41
2026-06-21,46.73
2026-06-22,46.98
2026-06-23,47.21
2026-06-24,47.44
2026-06-25,47.7
2026-06-26,47.98
2026-06-27,48.31
2026-06-28,48.63
2026-06-29,48.87
2026-06-30,49.09
2026-07-01,49.24
2026-07-02,49.47
2026-07-03,49.72
2026-07-04,50.05
2026-07-05,50.37
2026-07-06,50.64
2026-07-07,50.89
2026-07-08,51.11
2026-07-09,51.32
2026-07-10,51.53
2026-07-11,51.87
2026-07-12,52.24
2026-07-13,52.52
2026-07-14,52.77
2026-07-15,53.0
2026-07-16,53.15
2026-07-17,53.37
2026-07-18,53.68
2026-07-19,54.0
2026-07-20,54.2
2026-07-21,54.38
2026-07-22,54.61
2026-07-23,54.82
2026-07-24,55.06
2026-07-25,55.35
2026-07-26,55.67
2026-07-27,55.91
2026-07-28,56.15
2026-07-29,56.39
2026-07-30,56.63
2026-07-31,56.86
2026-08-01,57.09
2026-08-02,57.41
2026-08-03,57.64
2026-08-04,57.85
2026-08-05,58.07
2026-08-06,58.3
2026-08-07,58.53
2026-08-08,58.82
2026-08-09,59.1
2026-08-10,59.37
2026-08-11,59.63
2026-08-12,59.9
2026-08-13,60.16
2026-08-14,60.44
2026-08-15,60.79
2026-08-16,61.13
2026-08-17,61.37
2026-08-18,61.6
2026-08-19,61.81
2026-08-20,62.04
2026-08-21,62.32
2026-08-22,62.64
2026-08-23,62.99
2026-08-24,63.28
2026-08-25,63.55
2026-08-26,63.81
2026-08-27,64.09
2026-08-28,64.38
2026-08-29,64.74
2026-08-30,65.1
2026-08-31,65.4
2026-09-01,65.62
2026-09-02,65.83
2026-09-03,66.07
2026-09-04,66.35
2026-09-05,66.59
2026-09-06,66.91
2026-09-07,67.14
2026-09-08,67.35
2026-09-09,67.52
2026-09-10,67.66
2026-09-11,67.78
2026-09-12,68.04
2026-09-13,68.3
2026-09-14,68.49
2026-09-15,68.66
2026-09-16,68.84
2026-09-17,69.06
2026-09-18,69.31
2026-09-19,69.62
2026-09-20,69.94
2026-09-21,70.14
